Date,Quarter,Action,Top,Left,Result,Player,Distance (ft)
Oct 30,1,Made 2-pointer from 0 ft,50,240,make,Dirk Nowitzki,0.0
Oct 30,1,Missed 3-pointer from 26 ft,272,375,miss,Dirk Nowitzki,26.0
Oct 30,1,Missed 3-pointer from 25 ft,270,120,miss,Dirk Nowitzki,25.0
Oct 30,1,Missed 2-pointer from 22 ft,223,375,miss,Dirk Nowitzki,22.0
Oct 30,1,Made 2-pointer from 11 ft,103,335,make,Dirk Nowitzki,11.0
Oct 30,1,Made 2-pointer from 0 ft,50,240,make,Dirk Nowitzki,0.0
Oct 30,1,Made 2-pointer from 0 ft,50,240,make,Dirk Nowitzki,0.0
Oct 30,2,Missed 2-pointer from 16 ft,185,327,miss,Dirk Nowitzki,16.0
Oct 30,2,Missed 2-pointer from 10 ft,136,291,miss,Dirk Nowitzki,10.0
Oct 30,2,Missed 3-pointer from 25 ft,193,447,miss,Dirk Nowitzki,25.0
Oct 30,2,Made 2-pointer from 14 ft,95,376,make,Dirk Nowitzki,14.0
Oct 30,2,Made 2-pointer from 0 ft,50,240,make,Dirk Nowitzki,0.0
Oct 30,3,Made 2-pointer from 7 ft,106,287,make,Dirk Nowitzki,7.0
Oct 30,3,Missed 2-pointer from 19 ft,91,430,miss,Dirk Nowitzki,19.0
Oct 30,3,Made 2-pointer from 0 ft,50,240,make,Dirk Nowitzki,0.0
Oct 30,3,Missed 3-pointer from 25 ft,244,403,miss,Dirk Nowitzki,25.0
Oct 30,3,Missed 3-pointer from 26 ft,162,472,miss,Dirk Nowitzki,26.0
Oct 30,4,Made 2-pointer from 18 ft,58,421,make,Dirk Nowitzki,18.0
Oct 30,4,Missed 2-pointer from 19 ft,170,386,miss,Dirk Nowitzki,19.0
Oct 30,4,Made 2-pointer from 0 ft,50,240,make,Dirk Nowitzki,0.0
Nov 2,1,Made 2-pointer from 11 ft,139,311,make,Dirk Nowitzki,11.0
Nov 2,1,Made 2-pointer from 14 ft,52,100,make,Dirk Nowitzki,14.0
Nov 2,1,Made 2-pointer from 17 ft,57,72,make,Dirk Nowitzki,17.0
Nov 2,1,Missed 2-pointer from 17 ft,57,406,miss,Dirk Nowitzki,17.0
Nov 2,1,Made 2-pointer from 0 ft,50,240,make,Dirk Nowitzki,0.0
Nov 2,2,Made 3-pointer from 24 ft,285,184,make,Dirk Nowitzki,24.0
Nov 2,2,Missed 2-pointer from 17 ft,90,407,miss,Dirk Nowitzki,17.0
Nov 2,2,Missed 2-pointer from 18 ft,88,412,miss,Dirk Nowitzki,18.0
Nov 2,3,Made 2-pointer from 11 ft,50,345,make,Dirk Nowitzki,11.0
Nov 2,3,Missed 2-pointer from 12 ft,165,248,miss,Dirk Nowitzki,12.0
Nov 2,3,Missed 2-pointer from 16 ft,50,79,miss,Dirk Nowitzki,16.0
Nov 2,4,Missed 3-pointer from 25 ft,262,366,miss,Dirk Nowitzki,25.0
Nov 2,4,Missed 2-pointer from 0 ft,50,240,miss,Dirk Nowitzki,0.0
Nov 2,4,Made 2-pointer from 0 ft,50,240,make,Dirk Nowitzki,0.0
Nov 2,4,Missed 2-pointer from 10 ft,113,320,miss,Dirk Nowitzki,10.0
Nov 2,4,Missed 2-pointer from 21 ft,205,375,miss,Dirk Nowitzki,21.0
Nov 4,1,Made 3-pointer from 22 ft,67,17,make,Dirk Nowitzki,22.0
Nov 4,1,Made 2-pointer from 15 ft,93,92,make,Dirk Nowitzki,15.0
Nov 4,1,Made 2-pointer from 15 ft,88,91,make,Dirk Nowitzki,15.0
Nov 4,1,Missed 2-pointer from 15 ft,198,202,miss,Dirk Nowitzki,15.0
Nov 4,2,Made 2-pointer from 0 ft,50,240,make,Dirk Nowitzki,0.0
Nov 4,2,Made 2-pointer from 10 ft,109,317,make,Dirk Nowitzki,10.0
Nov 4,2,Missed 2-pointer from 19 ft,239,227,miss,Dirk Nowitzki,19.0
Nov 4,2,Made 2-pointer from 0 ft,50,240,make,Dirk Nowitzki,0.0
Nov 4,2,Missed 3-pointer from 24 ft,287,204,miss,Dirk Nowitzki,24.0
Nov 4,3,Made 2-pointer from 11 ft,129,314,make,Dirk Nowitzki,11.0
Nov 4,3,Made 2-pointer from 21 ft,195,398,make,Dirk Nowitzki,21.0
Nov 4,3,Missed 2-pointer from 20 ft,101,432,miss,Dirk Nowitzki,20.0
Nov 4,3,Missed 2-pointer from 0 ft,50,240,miss,Dirk Nowitzki,0.0
Nov 4,4,Missed 2-pointer from 14 ft,80,376,miss,Dirk Nowitzki,14.0
Nov 4,4,Missed 3-pointer from 24 ft,285,173,miss,Dirk Nowitzki,24.0
Nov 6,1,Missed 2-pointer from 0 ft,50,240,miss,Dirk Nowitzki,0.0
Nov 6,1,Missed 2-pointer from 0 ft,50,240,miss,Dirk Nowitzki,0.0
Nov 6,1,Missed 2-pointer from 15 ft,104,380,miss,Dirk Nowitzki,15.0
Nov 6,1,Made 2-pointer from 9 ft,144,232,make,Dirk Nowitzki,9.0
Nov 6,1,Made 2-pointer from 18 ft,185,366,make,Dirk Nowitzki,18.0
Nov 6,1,Made 3-pointer from 24 ft,221,66,make,Dirk Nowitzki,24.0
Nov 6,1,Made 2-pointer from 21 ft,193,391,make,Dirk Nowitzki,21.0
Nov 6,2,Made 2-pointer from 12 ft,70,357,make,Dirk Nowitzki,12.0
Nov 6,2,Missed 3-pointer from 25 ft,210,429,miss,Dirk Nowitzki,25.0
Nov 6,3,Made 2-pointer from 17 ft,177,133,make,Dirk Nowitzki,17.0
Nov 6,3,Missed 2-pointer from 19 ft,210,334,miss,Dirk Nowitzki,19.0
Nov 6,3,Made 3-pointer from 25 ft,280,135,make,Dirk Nowitzki,25.0
Nov 6,4,Made 2-pointer from 18 ft,136,394,make,Dirk Nowitzki,18.0
Nov 6,4,Made 2-pointer from 16 ft,86,394,make,Dirk Nowitzki,16.0
Nov 6,4,Made 2-pointer from 16 ft,183,335,make,Dirk Nowitzki,16.0
Nov 8,1,Made 2-pointer from 18 ft,160,388,make,Dirk Nowitzki,18.0
Nov 8,1,Made 2-pointer from 0 ft,50,240,make,Dirk Nowitzki,0.0
Nov 8,1,Made 2-pointer from 18 ft,62,61,make,Dirk Nowitzki,18.0
Nov 8,1,Made 2-pointer from 18 ft,168,380,make,Dirk Nowitzki,18.0
Nov 8,1,Missed 2-pointer from 17 ft,175,127,miss,Dirk Nowitzki,17.0
Nov 8,1,Made 3-pointer from 26 ft,300,153,make,Dirk Nowitzki,26.0
Nov 8,1,Missed 3-pointer from 27 ft,246,419,miss,Dirk Nowitzki,27.0
Nov 8,1,Missed 2-pointer from 18 ft,93,63,miss,Dirk Nowitzki,18.0
Nov 8,2,Missed 2-pointer from 17 ft,111,398,miss,Dirk Nowitzki,17.0
Nov 8,2,Missed 3-pointer from 28 ft,262,417,miss,Dirk Nowitzki,28.0
Nov 8,2,Made 3-pointer from 27 ft,302,140,make,Dirk Nowitzki,27.0
Nov 8,3,Missed 2-pointer from 19 ft,191,360,miss,Dirk Nowitzki,19.0
Nov 8,3,Made 3-pointer from 26 ft,275,371,make,Dirk Nowitzki,26.0
Nov 8,3,Made 2-pointer from 19 ft,155,84,make,Dirk Nowitzki,19.0
Nov 9,1,Missed 2-pointer from 0 ft,50,240,miss,Dirk Nowitzki,0.0
Nov 9,1,Made 3-pointer from 25 ft,239,396,make,Dirk Nowitzki,25.0
Nov 9,1,Made 2-pointer from 12 ft,57,358,make,Dirk Nowitzki,12.0
Nov 9,1,Made 2-pointer from 20 ft,211,118,make,Dirk Nowitzki,20.0
Nov 9,2,Made 3-pointer from 25 ft,259,376,make,Dirk Nowitzki,25.0
Nov 9,3,Missed 2-pointer from 20 ft,57,437,miss,Dirk Nowitzki,20.0
Nov 9,3,Missed 2-pointer from 12 ft,159,294,miss,Dirk Nowitzki,12.0
Nov 11,1,Made 2-pointer from 16 ft,104,388,make,Dirk Nowitzki,16.0
Nov 11,1,Missed 3-pointer from 24 ft,275,330,miss,Dirk Nowitzki,24.0
Nov 11,1,Missed 2-pointer from 15 ft,104,102,miss,Dirk Nowitzki,15.0
Nov 11,1,Missed 2-pointer from 13 ft,50,366,miss,Dirk Nowitzki,13.0
Nov 11,1,Made 2-pointer from 0 ft,50,240,make,Dirk Nowitzki,0.0
Nov 11,2,Missed 3-pointer from 25 ft,260,376,miss,Dirk Nowitzki,25.0
Nov 11,2,Made 2-pointer from 15 ft,104,384,make,Dirk Nowitzki,15.0
Nov 11,2,Missed 2-pointer from 0 ft,50,240,miss,Dirk Nowitzki,0.0
Nov 11,2,Made 3-pointer from 24 ft,90,475,make,Dirk Nowitzki,24.0
Nov 11,2,Made 3-pointer from 24 ft,18,475,make,Dirk Nowitzki,24.0
Nov 11,2,Missed 2-pointer from 20 ft,39,38,miss,Dirk Nowitzki,20.0
Nov 11,3,Missed 2-pointer from 10 ft,57,137,miss,Dirk Nowitzki,10.0
Nov 11,3,Missed 2-pointer from 19 ft,216,156,miss,Dirk Nowitzki,19.0
Nov 11,3,Made 3-pointer from 24 ft,37,476,make,Dirk Nowitzki,24.0
Nov 11,3,Made 2-pointer from 4 ft,60,283,make,Dirk Nowitzki,4.0
Nov 11,3,Missed 2-pointer from 16 ft,50,79,miss,Dirk Nowitzki,16.0
Nov 11,4,Made 3-pointer from 24 ft,288,207,make,Dirk Nowitzki,24.0
Nov 11,4,Made 2-pointer from 16 ft,34,396,make,Dirk Nowitzki,16.0
Nov 11,4,Missed 3-pointer from 24 ft,168,452,miss,Dirk Nowitzki,24.0
Nov 11,4,Missed 2-pointer from 9 ft,85,324,miss,Dirk Nowitzki,9.0
Nov 11,4,Missed 2-pointer from 0 ft,50,240,miss,Dirk Nowitzki,0.0
Nov 11,4,Missed 3-pointer from 25 ft,223,417,miss,Dirk Nowitzki,25.0
Nov 13,1,Missed 3-pointer from 26 ft,254,86,miss,Dirk Nowitzki,26.0
Nov 13,1,Missed 3-pointer from 24 ft,85,476,miss,Dirk Nowitzki,24.0
Nov 13,2,Missed 2-pointer from 12 ft,118,334,miss,Dirk Nowitzki,12.0
Nov 13,2,Missed 2-pointer from 18 ft,208,158,miss,Dirk Nowitzki,18.0
Nov 13,2,Missed 3-pointer from 25 ft,213,427,miss,Dirk Nowitzki,25.0
Nov 13,2,Missed 2-pointer from 15 ft,147,123,miss,Dirk Nowitzki,15.0
Nov 13,3,Missed 2-pointer from 19 ft,27,427,miss,Dirk Nowitzki,19.0
Nov 13,4,Made 2-pointer from 2 ft,60,225,make,Dirk Nowitzki,2.0
Nov 13,4,Made 2-pointer from 14 ft,188,243,make,Dirk Nowitzki,14.0
Nov 13,4,Missed 2-pointer from 14 ft,188,245,miss,Dirk Nowitzki,14.0
Nov 13,4,Made 2-pointer from 18 ft,177,366,make,Dirk Nowitzki,18.0
Nov 15,1,Made 2-pointer from 17 ft,221,246,make,Dirk Nowitzki,17.0
Nov 15,1,Missed 2-pointer from 14 ft,168,322,miss,Dirk Nowitzki,14.0
Nov 15,1,Made 2-pointer from 16 ft,191,165,make,Dirk Nowitzki,16.0
Nov 15,1,Made 3-pointer from 25 ft,185,453,make,Dirk Nowitzki,25.0
Nov 15,1,Missed 3-pointer from 26 ft,311,260,miss,Dirk Nowitzki,26.0
Nov 15,1,Missed 2-pointer from 17 ft,131,394,miss,Dirk Nowitzki,17.0
Nov 15,1,Made 2-pointer from 18 ft,62,422,make,Dirk Nowitzki,18.0
Nov 15,1,Missed 2-pointer from 14 ft,129,130,miss,Dirk Nowitzki,14.0
Nov 15,2,Made 3-pointer from 25 ft,180,455,make,Dirk Nowitzki,25.0
Nov 15,3,Made 2-pointer from 13 ft,106,127,make,Dirk Nowitzki,13.0
Nov 15,3,Missed 2-pointer from 18 ft,231,206,miss,Dirk Nowitzki,18.0
Nov 15,3,Missed 3-pointer from 26 ft,242,71,miss,Dirk Nowitzki,26.0
Nov 15,3,Missed 3-pointer from 27 ft,260,64,miss,Dirk Nowitzki,27.0
Nov 15,3,Made 2-pointer from 17 ft,193,338,make,Dirk Nowitzki,17.0
Nov 15,3,Made 2-pointer from 17 ft,190,330,make,Dirk Nowitzki,17.0
Nov 15,4,Made 2-pointer from 19 ft,216,335,make,Dirk Nowitzki,19.0
Nov 15,4,Made 2-pointer from 14 ft,141,352,make,Dirk Nowitzki,14.0
Nov 15,4,Made 2-pointer from 15 ft,162,138,make,Dirk Nowitzki,15.0
Nov 15,4,Missed 3-pointer from 26 ft,239,419,miss,Dirk Nowitzki,26.0
Nov 15,4,Missed 3-pointer from 23 ft,49,467,miss,Dirk Nowitzki,23.0
Nov 16,1,Missed 2-pointer from 14 ft,49,97,miss,Dirk Nowitzki,14.0
Nov 16,1,Made 3-pointer from 25 ft,185,35,make,Dirk Nowitzki,25.0
Nov 16,1,Missed 2-pointer from 14 ft,60,384,miss,Dirk Nowitzki,14.0
Nov 16,2,Missed 2-pointer from 14 ft,103,373,miss,Dirk Nowitzki,14.0
Nov 16,2,Made 2-pointer from 0 ft,50,240,make,Dirk Nowitzki,0.0
Nov 16,2,Missed 2-pointer from 18 ft,139,391,miss,Dirk Nowitzki,18.0
Nov 16,2,Missed 2-pointer from 11 ft,155,258,miss,Dirk Nowitzki,11.0
Nov 16,2,Missed 2-pointer from 17 ft,96,76,miss,Dirk Nowitzki,17.0
Nov 16,3,Made 2-pointer from 0 ft,50,240,make,Dirk Nowitzki,0.0
Nov 16,3,Missed 2-pointer from 15 ft,141,117,miss,Dirk Nowitzki,15.0
Nov 16,3,Missed 2-pointer from 18 ft,183,368,miss,Dirk Nowitzki,18.0
Nov 16,3,Missed 2-pointer from 12 ft,62,118,miss,Dirk Nowitzki,12.0
Nov 16,4,Missed 2-pointer from 15 ft,193,183,miss,Dirk Nowitzki,15.0
Nov 16,4,Missed 2-pointer from 0 ft,50,240,miss,Dirk Nowitzki,0.0
Nov 16,4,Made 2-pointer from 0 ft,50,240,make,Dirk Nowitzki,0.0
Nov 16,4,Missed 2-pointer from 14 ft,170,174,miss,Dirk Nowitzki,14.0
Nov 16,4,Missed 2-pointer from 10 ft,52,145,miss,Dirk Nowitzki,10.0
Nov 16,4,Made 3-pointer from 25 ft,292,281,make,Dirk Nowitzki,25.0
Nov 19,1,Missed 2-pointer from 12 ft,124,338,miss,Dirk Nowitzki,12.0
Nov 19,1,Missed 2-pointer from 0 ft,50,240,miss,Dirk Nowitzki,0.0
Nov 19,1,Missed 2-pointer from 14 ft,188,217,miss,Dirk Nowitzki,14.0
Nov 19,1,Missed 2-pointer from 18 ft,208,154,miss,Dirk Nowitzki,18.0
Nov 19,1,Made 2-pointer from 0 ft,50,240,make,Dirk Nowitzki,0.0
Nov 19,2,Missed 2-pointer from 0 ft,50,240,miss,Dirk Nowitzki,0.0
Nov 19,2,Made 2-pointer from 0 ft,50,240,make,Dirk Nowitzki,0.0
Nov 19,2,Made 3-pointer from 25 ft,265,360,make,Dirk Nowitzki,25.0
Nov 19,2,Made 2-pointer from 0 ft,50,240,make,Dirk Nowitzki,0.0
Nov 19,2,Missed 2-pointer from 15 ft,195,255,miss,Dirk Nowitzki,15.0
Nov 19,3,Missed 2-pointer from 0 ft,50,240,miss,Dirk Nowitzki,0.0
Nov 19,3,Made 2-pointer from 17 ft,185,335,make,Dirk Nowitzki,17.0
Nov 19,3,Made 2-pointer from 15 ft,195,266,make,Dirk Nowitzki,15.0
Nov 19,3,Missed 2-pointer from 15 ft,195,283,miss,Dirk Nowitzki,15.0
Nov 19,3,Missed 3-pointer from 25 ft,200,440,miss,Dirk Nowitzki,25.0
Nov 19,4,Made 2-pointer from 20 ft,246,181,make,Dirk Nowitzki,20.0
Nov 19,4,Missed 3-pointer from 22 ft,65,17,miss,Dirk Nowitzki,22.0
Nov 19,4,Missed 2-pointer from 11 ft,91,343,miss,Dirk Nowitzki,11.0
Nov 19,4,Missed 2-pointer from 14 ft,175,297,miss,Dirk Nowitzki,14.0
Nov 21,1,Made 2-pointer from 21 ft,211,370,make,Dirk Nowitzki,21.0
Nov 21,1,Made 2-pointer from 18 ft,203,325,make,Dirk Nowitzki,18.0
Nov 21,1,Missed 2-pointer from 21 ft,205,388,miss,Dirk Nowitzki,21.0
Nov 21,1,Made 2-pointer from 0 ft,50,240,make,Dirk Nowitzki,0.0
Nov 21,1,Made 2-pointer from 16 ft,185,332,make,Dirk Nowitzki,16.0
Nov 21,1,Missed 2-pointer from 22 ft,145,437,miss,Dirk Nowitzki,22.0
Nov 21,1,Missed 2-pointer from 11 ft,126,161,miss,Dirk Nowitzki,11.0
Nov 21,2,Made 2-pointer from 0 ft,50,240,make,Dirk Nowitzki,0.0
Nov 21,2,Missed 2-pointer from 7 ft,68,312,miss,Dirk Nowitzki,7.0
Nov 21,2,Missed 2-pointer from 0 ft,50,240,miss,Dirk Nowitzki,0.0
Nov 21,2,Made 2-pointer from 13 ft,127,342,make,Dirk Nowitzki,13.0
Nov 21,2,Missed 2-pointer from 14 ft,53,383,miss,Dirk Nowitzki,14.0
Nov 21,3,Made 2-pointer from 0 ft,50,240,make,Dirk Nowitzki,0.0
Nov 21,3,Made 2-pointer from 20 ft,106,48,make,Dirk Nowitzki,20.0
Nov 21,3,Made 3-pointer from 24 ft,65,476,make,Dirk Nowitzki,24.0
Nov 21,3,Missed 2-pointer from 13 ft,83,365,miss,Dirk Nowitzki,13.0
Nov 21,3,Made 2-pointer from 16 ft,127,380,make,Dirk Nowitzki,16.0
Nov 21,3,Missed 2-pointer from 10 ft,109,155,miss,Dirk Nowitzki,10.0
Nov 21,4,Missed 2-pointer from 11 ft,164,234,miss,Dirk Nowitzki,11.0
Nov 21,4,Made 2-pointer from 21 ft,244,312,make,Dirk Nowitzki,21.0
Nov 21,4,Missed 2-pointer from 20 ft,150,64,miss,Dirk Nowitzki,20.0
Nov 23,1,Missed 2-pointer from 21 ft,117,39,miss,Dirk Nowitzki,21.0
Nov 23,1,Missed 3-pointer from 24 ft,101,470,miss,Dirk Nowitzki,24.0
Nov 23,1,Missed 3-pointer from 24 ft,287,207,miss,Dirk Nowitzki,24.0
Nov 23,1,Missed 3-pointer from 24 ft,226,72,miss,Dirk Nowitzki,24.0
Nov 23,1,Missed 2-pointer from 13 ft,172,291,miss,Dirk Nowitzki,13.0
Nov 23,2,Missed 2-pointer from 0 ft,50,240,miss,Dirk Nowitzki,0.0
Nov 23,2,Missed 2-pointer from 18 ft,142,398,miss,Dirk Nowitzki,18.0
Nov 23,2,Missed 2-pointer from 17 ft,145,378,miss,Dirk Nowitzki,17.0
Nov 23,2,Made 2-pointer from 0 ft,50,240,make,Dirk Nowitzki,0.0
Nov 23,2,Made 2-pointer from 0 ft,50,240,make,Dirk Nowitzki,0.0
Nov 23,3,Made 2-pointer from 20 ft,53,440,make,Dirk Nowitzki,20.0
Nov 23,3,Missed 3-pointer from 24 ft,183,440,miss,Dirk Nowitzki,24.0
Nov 23,3,Missed 3-pointer from 25 ft,187,445,miss,Dirk Nowitzki,25.0
Nov 23,3,Made 3-pointer from 24 ft,164,452,make,Dirk Nowitzki,24.0
Nov 23,4,Missed 2-pointer from 0 ft,50,240,miss,Dirk Nowitzki,0.0
Nov 23,4,Missed 3-pointer from 24 ft,270,146,miss,Dirk Nowitzki,24.0
Nov 23,4,Made 2-pointer from 21 ft,57,450,make,Dirk Nowitzki,21.0
Nov 23,4,Made 2-pointer from 21 ft,53,447,make,Dirk Nowitzki,21.0
Nov 23,4,Made 2-pointer from 0 ft,50,240,make,Dirk Nowitzki,0.0
Nov 23,4,Made 2-pointer from 16 ft,164,135,make,Dirk Nowitzki,16.0
Nov 23,4,Made 2-pointer from 0 ft,50,240,make,Dirk Nowitzki,0.0
Nov 27,1,Made 2-pointer from 16 ft,96,87,make,Dirk Nowitzki,16.0
Nov 27,1,Made 3-pointer from 25 ft,223,422,make,Dirk Nowitzki,25.0
Nov 27,1,Made 2-pointer from 17 ft,155,373,make,Dirk Nowitzki,17.0
Nov 27,2,Missed 2-pointer from 14 ft,141,345,miss,Dirk Nowitzki,14.0
Nov 27,2,Missed 2-pointer from 18 ft,50,63,miss,Dirk Nowitzki,18.0
Nov 27,2,Made 2-pointer from 16 ft,159,353,make,Dirk Nowitzki,16.0
Nov 27,2,Missed 2-pointer from 18 ft,142,89,miss,Dirk Nowitzki,18.0
Nov 27,2,Missed 2-pointer from 18 ft,193,355,miss,Dirk Nowitzki,18.0
Nov 27,3,Made 2-pointer from 14 ft,75,376,make,Dirk Nowitzki,14.0
Nov 27,3,Made 2-pointer from 18 ft,50,422,make,Dirk Nowitzki,18.0
Nov 27,3,Made 2-pointer from 17 ft,152,105,make,Dirk Nowitzki,17.0
Nov 27,3,Missed 2-pointer from 12 ft,91,355,miss,Dirk Nowitzki,12.0
Nov 27,3,Made 2-pointer from 0 ft,50,240,make,Dirk Nowitzki,0.0
Nov 27,3,Missed 2-pointer from 18 ft,95,417,miss,Dirk Nowitzki,18.0
Nov 27,3,Missed 2-pointer from 15 ft,76,391,miss,Dirk Nowitzki,15.0
Nov 27,3,Made 2-pointer from 17 ft,223,246,make,Dirk Nowitzki,17.0
Nov 28,1,Missed 3-pointer from 26 ft,285,345,miss,Dirk Nowitzki,26.0
Nov 28,1,Missed 2-pointer from 17 ft,129,94,miss,Dirk Nowitzki,17.0
Nov 28,1,Missed 2-pointer from 15 ft,154,138,miss,Dirk Nowitzki,15.0
Nov 28,1,Missed 2-pointer from 19 ft,229,176,miss,Dirk Nowitzki,19.0
Nov 28,1,Missed 3-pointer from 24 ft,47,480,miss,Dirk Nowitzki,24.0
Nov 28,2,Made 2-pointer from 1 ft,58,251,make,Dirk Nowitzki,1.0
Nov 28,2,Made 2-pointer from 5 ft,88,278,make,Dirk Nowitzki,5.0
Nov 28,2,Missed 2-pointer from 17 ft,127,87,miss,Dirk Nowitzki,17.0
Nov 28,2,Missed 3-pointer from 26 ft,160,470,miss,Dirk Nowitzki,26.0
Nov 28,2,Missed 2-pointer from 18 ft,213,312,miss,Dirk Nowitzki,18.0
Nov 28,3,Missed 2-pointer from 2 ft,72,240,miss,Dirk Nowitzki,2.0
Nov 28,3,Missed 2-pointer from 17 ft,52,68,miss,Dirk Nowitzki,17.0
Nov 28,3,Missed 3-pointer from 24 ft,91,5,miss,Dirk Nowitzki,24.0
Nov 28,3,Made 2-pointer from 16 ft,118,388,make,Dirk Nowitzki,16.0
Nov 28,3,Made 2-pointer from 1 ft,50,248,make,Dirk Nowitzki,1.0
Nov 28,3,Missed 2-pointer from 16 ft,63,399,miss,Dirk Nowitzki,16.0
Nov 28,4,Missed 3-pointer from 25 ft,262,375,miss,Dirk Nowitzki,25.0
Nov 28,4,Missed 3-pointer from 25 ft,239,407,miss,Dirk Nowitzki,25.0
Nov 28,4,Missed 3-pointer from 26 ft,205,33,miss,Dirk Nowitzki,26.0
Nov 28,4,Missed 3-pointer from 26 ft,302,197,miss,Dirk Nowitzki,26.0
Nov 30,1,Made 2-pointer from 0 ft,50,240,make,Dirk Nowitzki,0.0
Nov 30,1,Made 2-pointer from 18 ft,198,348,make,Dirk Nowitzki,18.0
Nov 30,1,Missed 2-pointer from 20 ft,127,422,miss,Dirk Nowitzki,20.0
Nov 30,1,Made 2-pointer from 15 ft,95,388,make,Dirk Nowitzki,15.0
Nov 30,3,Missed 2-pointer from 17 ft,55,409,miss,Dirk Nowitzki,17.0
Nov 30,3,Missed 3-pointer from 26 ft,252,404,miss,Dirk Nowitzki,26.0
Nov 30,3,Missed 2-pointer from 18 ft,195,133,miss,Dirk Nowitzki,18.0
Nov 30,3,Missed 2-pointer from 15 ft,55,89,miss,Dirk Nowitzki,15.0
Nov 30,4,Made 2-pointer from 0 ft,50,240,make,Dirk Nowitzki,0.0
Nov 30,4,Made 3-pointer from 25 ft,164,460,make,Dirk Nowitzki,25.0
Dec 2,1,Made 2-pointer from 20 ft,224,151,make,Dirk Nowitzki,20.0
Dec 2,1,Made 2-pointer from 13 ft,180,240,make,Dirk Nowitzki,13.0
Dec 2,1,Missed 2-pointer from 0 ft,50,240,miss,Dirk Nowitzki,0.0
Dec 2,1,Missed 2-pointer from 18 ft,226,240,miss,Dirk Nowitzki,18.0
Dec 2,1,Missed 2-pointer from 18 ft,73,64,miss,Dirk Nowitzki,18.0
Dec 2,1,Missed 2-pointer from 18 ft,167,99,miss,Dirk Nowitzki,18.0
Dec 2,2,Missed 2-pointer from 12 ft,173,225,miss,Dirk Nowitzki,12.0
Dec 2,2,Missed 2-pointer from 0 ft,50,240,miss,Dirk Nowitzki,0.0
Dec 2,2,Missed 2-pointer from 21 ft,249,184,miss,Dirk Nowitzki,21.0
Dec 2,3,Missed 3-pointer from 22 ft,50,20,miss,Dirk Nowitzki,22.0
Dec 2,3,Missed 2-pointer from 16 ft,53,79,miss,Dirk Nowitzki,16.0
Dec 2,3,Missed 2-pointer from 15 ft,129,115,miss,Dirk Nowitzki,15.0
Dec 2,3,Missed 3-pointer from 37 ft,394,115,miss,Dirk Nowitzki,37.0
Dec 2,4,Missed 2-pointer from 4 ft,78,269,miss,Dirk Nowitzki,4.0
Dec 2,4,Made 2-pointer from 20 ft,141,421,make,Dirk Nowitzki,20.0
Dec 2,4,Missed 2-pointer from 10 ft,81,332,miss,Dirk Nowitzki,10.0
Dec 2,4,Made 2-pointer from 17 ft,113,81,make,Dirk Nowitzki,17.0
Dec 2,4,Made 2-pointer from 0 ft,50,240,make,Dirk Nowitzki,0.0
Dec 2,4,Made 2-pointer from 0 ft,50,240,make,Dirk Nowitzki,0.0
Dec 2,4,Made 3-pointer from 23 ft,58,13,make,Dirk Nowitzki,23.0
Dec 4,1,Missed 2-pointer from 18 ft,44,64,miss,Dirk Nowitzki,18.0
Dec 4,1,Made 2-pointer from 18 ft,134,84,make,Dirk Nowitzki,18.0
Dec 4,1,Missed 3-pointer from 24 ft,167,452,miss,Dirk Nowitzki,24.0
Dec 4,1,Missed 2-pointer from 19 ft,185,109,miss,Dirk Nowitzki,19.0
Dec 4,1,Made 3-pointer from 24 ft,274,145,make,Dirk Nowitzki,24.0
Dec 4,1,Missed 2-pointer from 18 ft,149,389,miss,Dirk Nowitzki,18.0
Dec 4,1,Missed 2-pointer from 5 ft,57,194,miss,Dirk Nowitzki,5.0
Dec 4,1,Missed 3-pointer from 25 ft,200,439,miss,Dirk Nowitzki,25.0
Dec 4,2,Made 3-pointer from 23 ft,96,18,make,Dirk Nowitzki,23.0
Dec 4,2,Missed 2-pointer from 21 ft,190,77,miss,Dirk Nowitzki,21.0
Dec 4,2,Made 2-pointer from 0 ft,50,240,make,Dirk Nowitzki,0.0
Dec 4,2,Made 3-pointer from 23 ft,126,18,make,Dirk Nowitzki,23.0
Dec 4,2,Made 3-pointer from 23 ft,67,468,make,Dirk Nowitzki,23.0
Dec 4,3,Missed 3-pointer from 24 ft,145,17,miss,Dirk Nowitzki,24.0
Dec 4,3,Missed 2-pointer from 9 ft,127,194,miss,Dirk Nowitzki,9.0
Dec 4,3,Missed 3-pointer from 24 ft,198,54,miss,Dirk Nowitzki,24.0
Dec 4,4,Missed 2-pointer from 21 ft,254,292,miss,Dirk Nowitzki,21.0
Dec 4,4,Made 2-pointer from 0 ft,50,240,make,Dirk Nowitzki,0.0
Dec 4,4,Made 3-pointer from 25 ft,200,46,make,Dirk Nowitzki,25.0
Dec 4,4,Made 2-pointer from 15 ft,201,255,make,Dirk Nowitzki,15.0
Dec 6,1,Made 3-pointer from 25 ft,244,77,make,Dirk Nowitzki,25.0
Dec 6,2,Made 3-pointer from 26 ft,210,442,make,Dirk Nowitzki,26.0
Dec 6,2,Made 2-pointer from 21 ft,52,449,make,Dirk Nowitzki,21.0
Dec 6,2,Made 3-pointer from 25 ft,234,412,make,Dirk Nowitzki,25.0
Dec 6,2,Made 2-pointer from 0 ft,50,240,make,Dirk Nowitzki,0.0
Dec 6,3,Missed 2-pointer from 16 ft,177,337,miss,Dirk Nowitzki,16.0
Dec 6,3,Missed 2-pointer from 0 ft,50,240,miss,Dirk Nowitzki,0.0
Dec 6,3,Missed 2-pointer from 11 ft,160,238,miss,Dirk Nowitzki,11.0
Dec 6,3,Made 3-pointer from 26 ft,234,421,make,Dirk Nowitzki,26.0
Dec 6,4,Missed 2-pointer from 19 ft,127,412,miss,Dirk Nowitzki,19.0
Dec 6,4,Missed 2-pointer from 14 ft,170,178,miss,Dirk Nowitzki,14.0
Dec 7,1,Missed 3-pointer from 24 ft,292,227,miss,Dirk Nowitzki,24.0
Dec 7,1,Made 2-pointer from 12 ft,47,355,make,Dirk Nowitzki,12.0
Dec 7,1,Missed 2-pointer from 21 ft,203,381,miss,Dirk Nowitzki,21.0
Dec 7,2,Made 2-pointer from 0 ft,50,240,make,Dirk Nowitzki,0.0
Dec 7,2,Made 2-pointer from 18 ft,195,140,make,Dirk Nowitzki,18.0
Dec 7,2,Made 2-pointer from 14 ft,67,375,make,Dirk Nowitzki,14.0
Dec 7,3,Made 2-pointer from 18 ft,53,58,make,Dirk Nowitzki,18.0
Dec 7,3,Made 2-pointer from 0 ft,50,240,make,Dirk Nowitzki,0.0
Dec 7,3,Missed 2-pointer from 0 ft,50,240,miss,Dirk Nowitzki,0.0
Dec 7,3,Made 2-pointer from 17 ft,182,140,make,Dirk Nowitzki,17.0
Dec 7,3,Missed 2-pointer from 5 ft,96,222,miss,Dirk Nowitzki,5.0
Dec 7,3,Missed 2-pointer from 16 ft,177,150,miss,Dirk Nowitzki,16.0
Dec 7,4,Missed 3-pointer from 25 ft,287,150,miss,Dirk Nowitzki,25.0
Dec 7,4,Missed 2-pointer from 20 ft,113,434,miss,Dirk Nowitzki,20.0
Dec 7,4,Made 2-pointer from 11 ft,160,235,make,Dirk Nowitzki,11.0
Dec 7,4,Made 3-pointer from 25 ft,260,380,make,Dirk Nowitzki,25.0
Dec 7,4,Made 2-pointer from 0 ft,50,240,make,Dirk Nowitzki,0.0
Dec 7,4,Missed 2-pointer from 17 ft,155,378,miss,Dirk Nowitzki,17.0
Dec 7,4,Made 2-pointer from 0 ft,50,240,make,Dirk Nowitzki,0.0
Dec 10,1,Missed 2-pointer from 0 ft,50,240,miss,Dirk Nowitzki,0.0
Dec 10,1,Missed 2-pointer from 14 ft,86,107,miss,Dirk Nowitzki,14.0
Dec 10,1,Missed 3-pointer from 23 ft,65,468,miss,Dirk Nowitzki,23.0
Dec 17,1,Made 2-pointer from 15 ft,73,94,make,Dirk Nowitzki,15.0
Dec 17,1,Missed 3-pointer from 24 ft,50,476,miss,Dirk Nowitzki,24.0
Dec 17,1,Made 2-pointer from 19 ft,216,332,make,Dirk Nowitzki,19.0
Dec 17,1,Made 2-pointer from 0 ft,50,240,make,Dirk Nowitzki,0.0
Dec 17,1,Made 2-pointer from 21 ft,126,49,make,Dirk Nowitzki,21.0
Dec 17,1,Made 2-pointer from 16 ft,116,89,make,Dirk Nowitzki,16.0
Dec 17,1,Missed 3-pointer from 23 ft,41,8,miss,Dirk Nowitzki,23.0
Dec 17,3,Missed 3-pointer from 25 ft,290,317,miss,Dirk Nowitzki,25.0
Dec 17,3,Made 2-pointer from 21 ft,72,447,make,Dirk Nowitzki,21.0
Dec 17,3,Missed 2-pointer from 19 ft,234,274,miss,Dirk Nowitzki,19.0
Dec 17,3,Made 3-pointer from 25 ft,287,174,make,Dirk Nowitzki,25.0
Dec 17,3,Missed 3-pointer from 25 ft,272,130,miss,Dirk Nowitzki,25.0
Dec 17,3,Made 3-pointer from 24 ft,218,66,make,Dirk Nowitzki,24.0
Dec 17,3,Missed 2-pointer from 19 ft,73,429,miss,Dirk Nowitzki,19.0
Dec 17,4,Missed 2-pointer from 20 ft,251,238,miss,Dirk Nowitzki,20.0
Dec 18,1,Missed 2-pointer from 13 ft,73,112,miss,Dirk Nowitzki,13.0
Dec 18,1,Missed 3-pointer from 25 ft,208,440,miss,Dirk Nowitzki,25.0
Dec 18,1,Missed 2-pointer from 18 ft,195,347,miss,Dirk Nowitzki,18.0
Dec 18,1,Missed 2-pointer from 0 ft,50,240,miss,Dirk Nowitzki,0.0
Dec 18,1,Missed 2-pointer from 16 ft,76,394,miss,Dirk Nowitzki,16.0
Dec 18,2,Missed 3-pointer from 24 ft,50,481,miss,Dirk Nowitzki,24.0
Dec 18,2,Made 2-pointer from 21 ft,129,437,make,Dirk Nowitzki,21.0
Dec 18,3,Missed 2-pointer from 16 ft,165,127,miss,Dirk Nowitzki,16.0
Dec 18,3,Missed 3-pointer from 25 ft,274,353,miss,Dirk Nowitzki,25.0
Dec 18,4,Made 3-pointer from 25 ft,183,449,make,Dirk Nowitzki,25.0
Dec 18,4,Missed 2-pointer from 18 ft,139,401,miss,Dirk Nowitzki,18.0
Dec 18,4,Missed 3-pointer from 24 ft,165,455,miss,Dirk Nowitzki,24.0
Dec 18,4,Missed 2-pointer from 18 ft,108,407,miss,Dirk Nowitzki,18.0
Dec 20,1,Missed 3-pointer from 24 ft,252,102,miss,Dirk Nowitzki,24.0
Dec 20,1,Made 2-pointer from 15 ft,147,350,make,Dirk Nowitzki,15.0
Dec 20,1,Missed 2-pointer from 18 ft,53,422,miss,Dirk Nowitzki,18.0
Dec 20,1,Made 2-pointer from 20 ft,246,212,make,Dirk Nowitzki,20.0
Dec 20,1,Made 2-pointer from 20 ft,58,43,make,Dirk Nowitzki,20.0
Dec 20,1,Made 3-pointer from 28 ft,285,383,make,Dirk Nowitzki,28.0
Dec 20,2,Made 2-pointer from 14 ft,178,192,make,Dirk Nowitzki,14.0
Dec 20,2,Missed 3-pointer from 24 ft,290,279,miss,Dirk Nowitzki,24.0
Dec 20,2,Missed 2-pointer from 17 ft,198,322,miss,Dirk Nowitzki,17.0
Dec 20,2,Made 2-pointer from 11 ft,52,353,make,Dirk Nowitzki,11.0
Dec 20,2,Missed 3-pointer from 24 ft,91,472,miss,Dirk Nowitzki,24.0
Dec 20,3,Missed 3-pointer from 23 ft,81,468,miss,Dirk Nowitzki,23.0
Dec 20,3,Missed 2-pointer from 19 ft,193,112,miss,Dirk Nowitzki,19.0
Dec 20,3,Missed 2-pointer from 21 ft,229,358,miss,Dirk Nowitzki,21.0
Dec 20,3,Missed 2-pointer from 0 ft,50,240,miss,Dirk Nowitzki,0.0
Dec 20,4,Missed 3-pointer from 24 ft,287,211,miss,Dirk Nowitzki,24.0
Dec 20,4,Missed 2-pointer from 17 ft,68,414,miss,Dirk Nowitzki,17.0
Dec 20,4,Made 2-pointer from 0 ft,50,240,make,Dirk Nowitzki,0.0
Dec 23,1,Made 2-pointer from 21 ft,159,422,make,Dirk Nowitzki,21.0
Dec 23,1,Missed 3-pointer from 25 ft,241,79,miss,Dirk Nowitzki,25.0
Dec 23,1,Missed 2-pointer from 12 ft,164,224,miss,Dirk Nowitzki,12.0
Dec 23,1,Missed 2-pointer from 4 ft,91,258,miss,Dirk Nowitzki,4.0
Dec 23,2,Made 2-pointer from 6 ft,86,196,make,Dirk Nowitzki,6.0
Dec 23,2,Missed 2-pointer from 8 ft,83,171,miss,Dirk Nowitzki,8.0
Dec 23,2,Missed 2-pointer from 19 ft,37,48,miss,Dirk Nowitzki,19.0
Dec 23,2,Made 2-pointer from 0 ft,50,240,make,Dirk Nowitzki,0.0
Dec 23,2,Made 2-pointer from 20 ft,95,430,make,Dirk Nowitzki,20.0
Dec 23,2,Missed 2-pointer from 0 ft,50,240,miss,Dirk Nowitzki,0.0
Dec 23,3,Missed 2-pointer from 21 ft,200,383,miss,Dirk Nowitzki,21.0
Dec 23,3,Missed 2-pointer from 17 ft,198,327,miss,Dirk Nowitzki,17.0
Dec 23,3,Made 2-pointer from 22 ft,195,404,make,Dirk Nowitzki,22.0
Dec 23,3,Missed 2-pointer from 0 ft,50,240,miss,Dirk Nowitzki,0.0
Dec 23,4,Missed 3-pointer from 24 ft,80,478,miss,Dirk Nowitzki,24.0
Dec 23,4,Missed 2-pointer from 8 ft,126,268,miss,Dirk Nowitzki,8.0
Dec 23,4,Made 2-pointer from 14 ft,188,214,make,Dirk Nowitzki,14.0
Dec 23,4,Made 2-pointer from 15 ft,187,192,make,Dirk Nowitzki,15.0
Dec 23,4,Missed 2-pointer from 18 ft,50,64,miss,Dirk Nowitzki,18.0
Dec 23,4,Missed 2-pointer from 19 ft,88,49,miss,Dirk Nowitzki,19.0
Dec 23,4,Made 2-pointer from 15 ft,137,122,make,Dirk Nowitzki,15.0
Dec 23,4,Made 2-pointer from 0 ft,50,240,make,Dirk Nowitzki,0.0
Dec 23,4,Missed 2-pointer from 13 ft,95,115,miss,Dirk Nowitzki,13.0
Dec 26,1,Made 3-pointer from 24 ft,275,150,make,Dirk Nowitzki,24.0
Dec 26,1,Made 2-pointer from 18 ft,203,342,make,Dirk Nowitzki,18.0
Dec 26,1,Missed 2-pointer from 16 ft,122,384,miss,Dirk Nowitzki,16.0
Dec 26,1,Made 2-pointer from 15 ft,190,299,make,Dirk Nowitzki,15.0
Dec 26,1,Missed 2-pointer from 14 ft,52,383,miss,Dirk Nowitzki,14.0
Dec 26,1,Made 2-pointer from 18 ft,196,135,make,Dirk Nowitzki,18.0
Dec 26,2,Missed 2-pointer from 18 ft,162,381,miss,Dirk Nowitzki,18.0
Dec 26,2,Made 2-pointer from 12 ft,101,350,make,Dirk Nowitzki,12.0
Dec 26,2,Made 2-pointer from 17 ft,109,399,make,Dirk Nowitzki,17.0
Dec 26,3,Missed 2-pointer from 14 ft,67,380,miss,Dirk Nowitzki,14.0
Dec 26,3,Missed 2-pointer from 18 ft,63,417,miss,Dirk Nowitzki,18.0
Dec 26,3,Made 2-pointer from 0 ft,50,240,make,Dirk Nowitzki,0.0
Dec 26,3,Made 2-pointer from 0 ft,50,240,make,Dirk Nowitzki,0.0
Dec 26,3,Missed 2-pointer from 14 ft,183,215,miss,Dirk Nowitzki,14.0
Dec 26,3,Missed 2-pointer from 0 ft,50,240,miss,Dirk Nowitzki,0.0
Dec 26,3,Made 2-pointer from 0 ft,50,240,make,Dirk Nowitzki,0.0
Dec 26,4,Made 2-pointer from 14 ft,70,375,make,Dirk Nowitzki,14.0
Dec 26,4,Missed 2-pointer from 0 ft,50,240,miss,Dirk Nowitzki,0.0
Dec 26,4,Missed 2-pointer from 8 ft,108,188,miss,Dirk Nowitzki,8.0
Dec 26,4,Missed 2-pointer from 9 ft,137,250,miss,Dirk Nowitzki,9.0
Dec 26,4,Made 2-pointer from 15 ft,60,386,make,Dirk Nowitzki,15.0
Dec 26,4,Missed 2-pointer from 0 ft,50,240,miss,Dirk Nowitzki,0.0
Dec 28,1,Made 2-pointer from 15 ft,72,95,make,Dirk Nowitzki,15.0
Dec 28,1,Made 2-pointer from 16 ft,67,82,make,Dirk Nowitzki,16.0
Dec 28,1,Missed 2-pointer from 16 ft,65,79,miss,Dirk Nowitzki,16.0
Dec 28,1,Made 2-pointer from 16 ft,62,84,make,Dirk Nowitzki,16.0
Dec 28,1,Missed 2-pointer from 19 ft,72,430,miss,Dirk Nowitzki,19.0
Dec 28,1,Made 2-pointer from 18 ft,160,102,make,Dirk Nowitzki,18.0
Dec 28,1,Missed 2-pointer from 19 ft,67,434,miss,Dirk Nowitzki,19.0
Dec 28,2,Missed 2-pointer from 19 ft,236,224,miss,Dirk Nowitzki,19.0
Dec 28,2,Made 2-pointer from 15 ft,144,363,make,Dirk Nowitzki,15.0
Dec 28,2,Missed 3-pointer from 25 ft,226,421,miss,Dirk Nowitzki,25.0
Dec 28,2,Missed 2-pointer from 9 ft,121,297,miss,Dirk Nowitzki,9.0
Dec 28,2,Made 2-pointer from 9 ft,137,238,make,Dirk Nowitzki,9.0
Dec 28,2,Missed 2-pointer from 15 ft,203,264,miss,Dirk Nowitzki,15.0
Dec 28,2,Made 3-pointer from 24 ft,55,483,make,Dirk Nowitzki,24.0
Dec 28,3,Made 2-pointer from 0 ft,50,240,make,Dirk Nowitzki,0.0
Dec 28,3,Missed 2-pointer from 18 ft,85,419,miss,Dirk Nowitzki,18.0
Dec 28,3,Missed 2-pointer from 19 ft,236,278,miss,Dirk Nowitzki,19.0
Dec 28,3,Made 2-pointer from 18 ft,213,166,make,Dirk Nowitzki,18.0
Dec 30,1,Made 2-pointer from 13 ft,104,360,make,Dirk Nowitzki,13.0
Dec 30,1,Missed 3-pointer from 25 ft,265,360,miss,Dirk Nowitzki,25.0
Dec 30,1,Made 2-pointer from 20 ft,106,429,make,Dirk Nowitzki,20.0
Dec 30,1,Made 2-pointer from 0 ft,50,240,make,Dirk Nowitzki,0.0
Dec 30,1,Missed 2-pointer from 19 ft,237,294,miss,Dirk Nowitzki,19.0
Dec 30,1,Made 2-pointer from 13 ft,70,110,make,Dirk Nowitzki,13.0
Dec 30,2,Missed 2-pointer from 18 ft,80,61,miss,Dirk Nowitzki,18.0
Dec 30,2,Made 3-pointer from 24 ft,228,399,make,Dirk Nowitzki,24.0
Dec 30,2,Missed 2-pointer from 16 ft,62,77,miss,Dirk Nowitzki,16.0
Dec 30,2,Missed 2-pointer from 15 ft,50,87,miss,Dirk Nowitzki,15.0
Dec 30,2,Missed 2-pointer from 0 ft,50,240,miss,Dirk Nowitzki,0.0
Dec 30,3,Missed 3-pointer from 25 ft,293,289,miss,Dirk Nowitzki,25.0
Dec 30,3,Made 2-pointer from 5 ft,75,286,make,Dirk Nowitzki,5.0
Dec 30,3,Missed 2-pointer from 9 ft,122,181,miss,Dirk Nowitzki,9.0
Dec 30,3,Made 2-pointer from 14 ft,147,138,make,Dirk Nowitzki,14.0
Dec 30,3,Made 2-pointer from 15 ft,88,381,make,Dirk Nowitzki,15.0
Dec 30,3,Made 3-pointer from 24 ft,185,444,make,Dirk Nowitzki,24.0
Dec 30,3,Made 2-pointer from 10 ft,106,153,make,Dirk Nowitzki,10.0
Dec 30,4,Made 2-pointer from 20 ft,177,394,make,Dirk Nowitzki,20.0
Dec 30,4,Missed 2-pointer from 18 ft,229,279,miss,Dirk Nowitzki,18.0
Dec 30,4,Missed 2-pointer from 12 ft,122,342,miss,Dirk Nowitzki,12.0
Dec 30,4,Missed 3-pointer from 25 ft,203,437,miss,Dirk Nowitzki,25.0
Dec 30,4,Missed 2-pointer from 11 ft,98,334,miss,Dirk Nowitzki,11.0
Dec 30,4,Made 2-pointer from 0 ft,50,240,make,Dirk Nowitzki,0.0
Dec 30,4,Missed 3-pointer from 25 ft,214,427,miss,Dirk Nowitzki,25.0
Jan 2,1,Missed 3-pointer from 24 ft,274,141,miss,Dirk Nowitzki,24.0
Jan 2,1,Missed 2-pointer from 8 ft,83,169,miss,Dirk Nowitzki,8.0
Jan 2,1,Made 2-pointer from 17 ft,170,122,make,Dirk Nowitzki,17.0
Jan 2,1,Missed 2-pointer from 4 ft,75,269,miss,Dirk Nowitzki,4.0
Jan 2,2,Missed 2-pointer from 11 ft,68,353,miss,Dirk Nowitzki,11.0
Jan 2,2,Made 2-pointer from 13 ft,62,365,make,Dirk Nowitzki,13.0
Jan 2,2,Made 2-pointer from 20 ft,164,409,make,Dirk Nowitzki,20.0
Jan 2,3,Made 2-pointer from 12 ft,111,343,make,Dirk Nowitzki,12.0
Jan 2,3,Made 2-pointer from 17 ft,172,365,make,Dirk Nowitzki,17.0
Jan 2,3,Missed 3-pointer from 23 ft,55,472,miss,Dirk Nowitzki,23.0
Jan 2,3,Made 2-pointer from 0 ft,50,240,make,Dirk Nowitzki,0.0
Jan 2,3,Missed 2-pointer from 19 ft,210,345,miss,Dirk Nowitzki,19.0
Jan 2,4,Missed 2-pointer from 18 ft,50,417,miss,Dirk Nowitzki,18.0
Jan 2,4,Made 2-pointer from 19 ft,144,403,make,Dirk Nowitzki,19.0
Jan 2,4,Missed 2-pointer from 20 ft,219,137,miss,Dirk Nowitzki,20.0
Jan 2,4,Missed 2-pointer from 18 ft,125,407,miss,Dirk Nowitzki,18.0
Jan 4,1,Made 2-pointer from 14 ft,68,378,make,Dirk Nowitzki,14.0
Jan 4,1,Made 2-pointer from 12 ft,147,307,make,Dirk Nowitzki,12.0
Jan 4,1,Made 2-pointer from 11 ft,139,309,make,Dirk Nowitzki,11.0
Jan 4,1,Missed 2-pointer from 12 ft,139,315,miss,Dirk Nowitzki,12.0
Jan 4,1,Missed 2-pointer from 19 ft,237,284,miss,Dirk Nowitzki,19.0
Jan 4,1,Made 3-pointer from 25 ft,259,378,make,Dirk Nowitzki,25.0
Jan 4,1,Missed 2-pointer from 19 ft,229,311,miss,Dirk Nowitzki,19.0
Jan 4,2,Made 2-pointer from 16 ft,188,151,make,Dirk Nowitzki,16.0
Jan 4,2,Made 2-pointer from 9 ft,108,175,make,Dirk Nowitzki,9.0
Jan 4,2,Missed 2-pointer from 21 ft,193,82,miss,Dirk Nowitzki,21.0
Jan 4,2,Made 3-pointer from 25 ft,233,406,make,Dirk Nowitzki,25.0
Jan 4,2,Missed 2-pointer from 18 ft,170,373,miss,Dirk Nowitzki,18.0
Jan 4,3,Missed 2-pointer from 18 ft,72,417,miss,Dirk Nowitzki,18.0
Jan 4,3,Missed 2-pointer from 18 ft,73,414,miss,Dirk Nowitzki,18.0
Jan 4,3,Missed 3-pointer from 25 ft,214,427,miss,Dirk Nowitzki,25.0
Jan 4,3,Made 2-pointer from 19 ft,93,427,make,Dirk Nowitzki,19.0
Jan 4,3,Missed 2-pointer from 0 ft,50,240,miss,Dirk Nowitzki,0.0
Jan 4,3,Missed 2-pointer from 18 ft,126,72,miss,Dirk Nowitzki,18.0
Jan 4,4,Made 2-pointer from 22 ft,193,404,make,Dirk Nowitzki,22.0
Jan 4,4,Missed 3-pointer from 24 ft,53,476,miss,Dirk Nowitzki,24.0
Jan 4,4,Made 2-pointer from 23 ft,155,439,make,Dirk Nowitzki,23.0
Jan 4,4,Missed 2-pointer from 21 ft,70,445,miss,Dirk Nowitzki,21.0
Jan 4,4,Made 2-pointer from 17 ft,70,74,make,Dirk Nowitzki,17.0
Jan 4,4,Made 2-pointer from 20 ft,213,353,make,Dirk Nowitzki,20.0
Jan 6,1,Missed 2-pointer from 0 ft,50,240,miss,Dirk Nowitzki,0.0
Jan 6,1,Missed 2-pointer from 16 ft,121,384,miss,Dirk Nowitzki,16.0
Jan 6,1,Missed 2-pointer from 7 ft,108,287,miss,Dirk Nowitzki,7.0
Jan 6,1,Made 2-pointer from 4 ft,91,234,make,Dirk Nowitzki,4.0
Jan 6,2,Missed 2-pointer from 17 ft,122,393,miss,Dirk Nowitzki,17.0
Jan 6,2,Missed 2-pointer from 17 ft,145,375,miss,Dirk Nowitzki,17.0
Jan 6,3,Made 2-pointer from 0 ft,50,240,make,Dirk Nowitzki,0.0
Jan 6,3,Missed 2-pointer from 20 ft,99,437,miss,Dirk Nowitzki,20.0
Jan 6,3,Made 2-pointer from 10 ft,116,319,make,Dirk Nowitzki,10.0
Jan 6,3,Made 2-pointer from 0 ft,50,240,make,Dirk Nowitzki,0.0
Jan 6,3,Missed 2-pointer from 12 ft,145,161,miss,Dirk Nowitzki,12.0
Jan 6,3,Missed 2-pointer from 5 ft,90,261,miss,Dirk Nowitzki,5.0
Jan 6,4,Made 2-pointer from 21 ft,195,391,make,Dirk Nowitzki,21.0
Jan 6,4,Missed 2-pointer from 18 ft,228,276,miss,Dirk Nowitzki,18.0
Jan 6,4,Made 2-pointer from 9 ft,126,197,make,Dirk Nowitzki,9.0
Jan 6,4,Missed 2-pointer from 22 ft,111,455,miss,Dirk Nowitzki,22.0
Jan 6,4,Made 2-pointer from 16 ft,70,399,make,Dirk Nowitzki,16.0
Jan 8,1,Missed 2-pointer from 21 ft,191,91,miss,Dirk Nowitzki,21.0
Jan 8,1,Missed 2-pointer from 18 ft,205,153,miss,Dirk Nowitzki,18.0
Jan 8,1,Made 3-pointer from 25 ft,175,28,make,Dirk Nowitzki,25.0
Jan 8,1,Missed 2-pointer from 17 ft,121,393,miss,Dirk Nowitzki,17.0
Jan 8,1,Made 2-pointer from 18 ft,180,360,make,Dirk Nowitzki,18.0
Jan 8,2,Made 3-pointer from 27 ft,260,403,make,Dirk Nowitzki,27.0
Jan 8,2,Missed 3-pointer from 26 ft,275,366,miss,Dirk Nowitzki,26.0
Jan 8,2,Missed 2-pointer from 19 ft,170,388,miss,Dirk Nowitzki,19.0
Jan 8,2,Made 2-pointer from 4 ft,63,201,make,Dirk Nowitzki,4.0
Jan 8,2,Missed 2-pointer from 20 ft,42,435,miss,Dirk Nowitzki,20.0
Jan 8,3,Missed 3-pointer from 27 ft,295,353,miss,Dirk Nowitzki,27.0
Jan 8,3,Made 2-pointer from 3 ft,76,246,make,Dirk Nowitzki,3.0
Jan 8,3,Made 2-pointer from 0 ft,50,240,make,Dirk Nowitzki,0.0
Jan 8,3,Made 2-pointer from 0 ft,50,240,make,Dirk Nowitzki,0.0
Jan 8,3,Made 2-pointer from 14 ft,193,232,make,Dirk Nowitzki,14.0
Jan 8,4,Made 2-pointer from 14 ft,80,102,make,Dirk Nowitzki,14.0
Jan 8,4,Made 3-pointer from 25 ft,239,71,make,Dirk Nowitzki,25.0
Jan 8,4,Made 3-pointer from 27 ft,265,398,make,Dirk Nowitzki,27.0
Jan 8,4,Missed 3-pointer from 25 ft,136,473,miss,Dirk Nowitzki,25.0
Jan 8,4,Made 2-pointer from 11 ft,53,350,make,Dirk Nowitzki,11.0
Jan 8,4,Missed 2-pointer from 10 ft,67,340,miss,Dirk Nowitzki,10.0
Jan 10,1,Missed 2-pointer from 6 ft,108,251,miss,Dirk Nowitzki,6.0
Jan 10,1,Made 2-pointer from 10 ft,93,332,make,Dirk Nowitzki,10.0
Jan 10,1,Made 2-pointer from 21 ft,155,58,make,Dirk Nowitzki,21.0
Jan 10,1,Made 2-pointer from 17 ft,63,412,make,Dirk Nowitzki,17.0
Jan 10,1,Made 2-pointer from 11 ft,162,238,make,Dirk Nowitzki,11.0
Jan 10,1,Missed 3-pointer from 23 ft,49,472,miss,Dirk Nowitzki,23.0
Jan 10,1,Missed 3-pointer from 25 ft,279,342,miss,Dirk Nowitzki,25.0
Jan 10,1,Missed 2-pointer from 15 ft,70,389,miss,Dirk Nowitzki,15.0
Jan 10,1,Made 2-pointer from 16 ft,99,389,make,Dirk Nowitzki,16.0
Jan 10,1,Made 2-pointer from 16 ft,67,403,make,Dirk Nowitzki,16.0
Jan 10,1,Made 2-pointer from 0 ft,50,240,make,Dirk Nowitzki,0.0
Jan 10,2,Missed 2-pointer from 18 ft,106,414,miss,Dirk Nowitzki,18.0
Jan 10,2,Made 3-pointer from 24 ft,260,366,make,Dirk Nowitzki,24.0
Jan 10,2,Missed 2-pointer from 23 ft,239,368,miss,Dirk Nowitzki,23.0
Jan 10,3,Missed 2-pointer from 19 ft,233,192,miss,Dirk Nowitzki,19.0
Jan 10,3,Made 3-pointer from 25 ft,249,384,make,Dirk Nowitzki,25.0
Jan 10,3,Made 2-pointer from 18 ft,178,109,make,Dirk Nowitzki,18.0
Jan 10,3,Made 3-pointer from 23 ft,58,467,make,Dirk Nowitzki,23.0
Jan 10,3,Made 2-pointer from 0 ft,50,240,make,Dirk Nowitzki,0.0
Jan 10,3,Missed 3-pointer from 24 ft,257,115,miss,Dirk Nowitzki,24.0
Jan 12,1,Made 2-pointer from 5 ft,81,273,make,Dirk Nowitzki,5.0
Jan 12,1,Made 2-pointer from 0 ft,50,240,make,Dirk Nowitzki,0.0
Jan 12,1,Missed 3-pointer from 26 ft,288,352,miss,Dirk Nowitzki,26.0
Jan 12,2,Made 2-pointer from 0 ft,50,240,make,Dirk Nowitzki,0.0
Jan 12,3,Missed 2-pointer from 22 ft,205,399,miss,Dirk Nowitzki,22.0
Jan 12,3,Made 2-pointer from 17 ft,183,127,make,Dirk Nowitzki,17.0
Jan 12,3,Missed 3-pointer from 26 ft,269,95,miss,Dirk Nowitzki,26.0
Jan 12,3,Missed 2-pointer from 19 ft,228,312,miss,Dirk Nowitzki,19.0
Jan 12,3,Made 2-pointer from 9 ft,68,329,make,Dirk Nowitzki,9.0
Jan 12,3,Made 2-pointer from 0 ft,50,240,make,Dirk Nowitzki,0.0
Jan 12,3,Missed 2-pointer from 14 ft,98,368,miss,Dirk Nowitzki,14.0
Jan 12,3,Missed 2-pointer from 15 ft,134,363,miss,Dirk Nowitzki,15.0
Jan 12,4,Missed 3-pointer from 25 ft,219,421,miss,Dirk Nowitzki,25.0
Jan 12,4,Missed 3-pointer from 26 ft,260,398,miss,Dirk Nowitzki,26.0
Jan 12,4,Made 2-pointer from 16 ft,157,360,make,Dirk Nowitzki,16.0
Jan 12,4,Made 2-pointer from 0 ft,50,240,make,Dirk Nowitzki,0.0
Jan 12,4,Made 3-pointer from 26 ft,218,439,make,Dirk Nowitzki,26.0
Jan 15,1,Missed 2-pointer from 22 ft,206,391,miss,Dirk Nowitzki,22.0
Jan 15,1,Missed 2-pointer from 17 ft,165,110,miss,Dirk Nowitzki,17.0
Jan 15,1,Made 2-pointer from 15 ft,76,97,make,Dirk Nowitzki,15.0
Jan 15,1,Missed 2-pointer from 17 ft,144,383,miss,Dirk Nowitzki,17.0
Jan 15,1,Made 2-pointer from 0 ft,50,240,make,Dirk Nowitzki,0.0
Jan 15,1,Made 2-pointer from 4 ft,57,199,make,Dirk Nowitzki,4.0
Jan 15,1,Missed 2-pointer from 7 ft,121,253,miss,Dirk Nowitzki,7.0
Jan 15,2,Made 2-pointer from 0 ft,50,240,make,Dirk Nowitzki,0.0
Jan 15,2,Missed 2-pointer from 7 ft,63,311,miss,Dirk Nowitzki,7.0
Jan 15,2,Missed 2-pointer from 6 ft,107,242,miss,Dirk Nowitzki,6.0
Jan 15,2,Missed 2-pointer from 16 ft,75,403,miss,Dirk Nowitzki,16.0
Jan 15,2,Made 2-pointer from 16 ft,50,399,make,Dirk Nowitzki,16.0
Jan 15,3,Missed 3-pointer from 25 ft,139,475,miss,Dirk Nowitzki,25.0
Jan 15,3,Made 2-pointer from 0 ft,50,240,make,Dirk Nowitzki,0.0
Jan 15,4,Missed 2-pointer from 20 ft,93,48,miss,Dirk Nowitzki,20.0
Jan 17,1,Made 2-pointer from 14 ft,190,235,make,Dirk Nowitzki,14.0
Jan 17,1,Missed 2-pointer from 15 ft,109,373,miss,Dirk Nowitzki,15.0
Jan 17,1,Missed 3-pointer from 24 ft,172,447,miss,Dirk Nowitzki,24.0
Jan 17,1,Made 2-pointer from 0 ft,50,240,make,Dirk Nowitzki,0.0
Jan 17,2,Missed 2-pointer from 16 ft,190,155,miss,Dirk Nowitzki,16.0
Jan 17,2,Made 2-pointer from 0 ft,50,240,make,Dirk Nowitzki,0.0
Jan 17,2,Missed 3-pointer from 25 ft,283,143,miss,Dirk Nowitzki,25.0
Jan 17,2,Made 3-pointer from 23 ft,37,465,make,Dirk Nowitzki,23.0
Jan 17,2,Missed 2-pointer from 17 ft,98,407,miss,Dirk Nowitzki,17.0
Jan 17,3,Missed 3-pointer from 25 ft,210,53,miss,Dirk Nowitzki,25.0
Jan 17,3,Made 2-pointer from 12 ft,95,355,make,Dirk Nowitzki,12.0
Jan 17,3,Missed 2-pointer from 13 ft,62,371,miss,Dirk Nowitzki,13.0
Jan 17,3,Missed 2-pointer from 16 ft,147,368,miss,Dirk Nowitzki,16.0
Jan 17,3,Missed 2-pointer from 12 ft,108,347,miss,Dirk Nowitzki,12.0
Jan 17,4,Missed 2-pointer from 17 ft,167,368,miss,Dirk Nowitzki,17.0
Jan 17,4,Missed 2-pointer from 18 ft,159,92,miss,Dirk Nowitzki,18.0
Jan 17,4,Missed 2-pointer from 17 ft,149,373,miss,Dirk Nowitzki,17.0
Jan 19,1,Made 2-pointer from 21 ft,254,212,make,Dirk Nowitzki,21.0
Jan 19,1,Made 3-pointer from 25 ft,283,322,make,Dirk Nowitzki,25.0
Jan 19,1,Missed 3-pointer from 25 ft,270,366,miss,Dirk Nowitzki,25.0
Jan 19,2,Made 2-pointer from 0 ft,50,240,make,Dirk Nowitzki,0.0
Jan 19,2,Missed 2-pointer from 10 ft,47,338,miss,Dirk Nowitzki,10.0
Jan 19,2,Made 2-pointer from 17 ft,205,319,make,Dirk Nowitzki,17.0
Jan 19,2,Missed 2-pointer from 16 ft,58,76,miss,Dirk Nowitzki,16.0
Jan 19,2,Missed 3-pointer from 26 ft,288,345,miss,Dirk Nowitzki,26.0
Jan 19,2,Missed 2-pointer from 3 ft,63,211,miss,Dirk Nowitzki,3.0
Jan 19,3,Missed 2-pointer from 9 ft,72,324,miss,Dirk Nowitzki,9.0
Jan 19,3,Missed 2-pointer from 5 ft,86,273,miss,Dirk Nowitzki,5.0
Jan 19,3,Missed 2-pointer from 12 ft,103,347,miss,Dirk Nowitzki,12.0
Jan 19,3,Missed 3-pointer from 25 ft,293,199,miss,Dirk Nowitzki,25.0
Jan 19,4,Made 2-pointer from 8 ft,131,250,make,Dirk Nowitzki,8.0
Jan 19,4,Missed 2-pointer from 10 ft,50,137,miss,Dirk Nowitzki,10.0
Jan 19,4,Missed 3-pointer from 25 ft,267,125,miss,Dirk Nowitzki,25.0
Jan 21,1,Missed 2-pointer from 16 ft,205,268,miss,Dirk Nowitzki,16.0
Jan 21,1,Missed 2-pointer from 22 ft,182,417,miss,Dirk Nowitzki,22.0
Jan 21,1,Missed 2-pointer from 16 ft,114,386,miss,Dirk Nowitzki,16.0
Jan 21,2,Made 2-pointer from 0 ft,50,240,make,Dirk Nowitzki,0.0
Jan 21,2,Made 2-pointer from 0 ft,50,240,make,Dirk Nowitzki,0.0
Jan 21,2,Made 2-pointer from 13 ft,144,150,make,Dirk Nowitzki,13.0
Jan 21,2,Missed 2-pointer from 22 ft,106,450,miss,Dirk Nowitzki,22.0
Jan 21,2,Missed 3-pointer from 23 ft,55,472,miss,Dirk Nowitzki,23.0
Jan 21,2,Made 2-pointer from 18 ft,72,417,make,Dirk Nowitzki,18.0
Jan 21,3,Missed 2-pointer from 7 ft,104,189,miss,Dirk Nowitzki,7.0
Jan 21,3,Made 2-pointer from 21 ft,164,422,make,Dirk Nowitzki,21.0
Jan 21,4,Missed 2-pointer from 19 ft,196,366,miss,Dirk Nowitzki,19.0
Jan 21,4,Missed 3-pointer from 25 ft,264,110,miss,Dirk Nowitzki,25.0
Jan 21,4,Made 3-pointer from 24 ft,210,58,make,Dirk Nowitzki,24.0
Jan 21,4,Made 3-pointer from 24 ft,242,388,make,Dirk Nowitzki,24.0
Jan 23,1,Made 2-pointer from 15 ft,31,384,make,Dirk Nowitzki,15.0
Jan 23,1,Made 2-pointer from 10 ft,88,332,make,Dirk Nowitzki,10.0
Jan 23,1,Made 3-pointer from 25 ft,303,260,make,Dirk Nowitzki,25.0
Jan 23,1,Made 2-pointer from 0 ft,50,240,make,Dirk Nowitzki,0.0
Jan 23,1,Missed 2-pointer from 13 ft,144,335,miss,Dirk Nowitzki,13.0
Jan 23,1,Made 2-pointer from 16 ft,45,82,make,Dirk Nowitzki,16.0
Jan 23,1,Missed 3-pointer from 25 ft,254,380,miss,Dirk Nowitzki,25.0
Jan 23,2,Made 2-pointer from 12 ft,152,173,make,Dirk Nowitzki,12.0
Jan 23,2,Missed 2-pointer from 19 ft,168,95,miss,Dirk Nowitzki,19.0
Jan 23,2,Made 2-pointer from 20 ft,254,248,make,Dirk Nowitzki,20.0
Jan 23,2,Missed 2-pointer from 0 ft,50,240,miss,Dirk Nowitzki,0.0
Jan 23,3,Made 3-pointer from 27 ft,216,449,make,Dirk Nowitzki,27.0
Jan 23,3,Made 2-pointer from 17 ft,173,128,make,Dirk Nowitzki,17.0
Jan 23,3,Made 2-pointer from 5 ft,68,194,make,Dirk Nowitzki,5.0
Jan 23,3,Missed 3-pointer from 26 ft,198,452,miss,Dirk Nowitzki,26.0
Jan 23,3,Made 2-pointer from 17 ft,57,412,make,Dirk Nowitzki,17.0
Jan 23,3,Made 2-pointer from 8 ft,126,253,make,Dirk Nowitzki,8.0
Jan 23,4,Missed 2-pointer from 15 ft,96,384,miss,Dirk Nowitzki,15.0
Jan 23,4,Missed 3-pointer from 26 ft,254,399,miss,Dirk Nowitzki,26.0
Jan 24,1,Made 2-pointer from 20 ft,211,125,make,Dirk Nowitzki,20.0
Jan 24,1,Made 3-pointer from 24 ft,277,161,make,Dirk Nowitzki,24.0
Jan 24,1,Made 2-pointer from 10 ft,67,146,make,Dirk Nowitzki,10.0
Jan 24,1,Missed 3-pointer from 24 ft,172,452,miss,Dirk Nowitzki,24.0
Jan 24,1,Made 2-pointer from 21 ft,172,409,make,Dirk Nowitzki,21.0
Jan 24,1,Missed 2-pointer from 13 ft,175,283,miss,Dirk Nowitzki,13.0
Jan 24,1,Missed 2-pointer from 0 ft,50,240,miss,Dirk Nowitzki,0.0
Jan 24,1,Made 2-pointer from 0 ft,50,240,make,Dirk Nowitzki,0.0
Jan 24,1,Missed 2-pointer from 11 ft,164,227,miss,Dirk Nowitzki,11.0
Jan 24,2,Missed 2-pointer from 16 ft,98,391,miss,Dirk Nowitzki,16.0
Jan 24,3,Missed 2-pointer from 16 ft,172,130,miss,Dirk Nowitzki,16.0
Jan 24,3,Made 2-pointer from 19 ft,216,335,make,Dirk Nowitzki,19.0
Jan 24,3,Missed 2-pointer from 17 ft,114,79,miss,Dirk Nowitzki,17.0
Jan 24,3,Missed 3-pointer from 25 ft,188,35,miss,Dirk Nowitzki,25.0
Jan 24,3,Missed 2-pointer from 13 ft,126,135,miss,Dirk Nowitzki,13.0
Jan 24,3,Made 2-pointer from 14 ft,73,380,make,Dirk Nowitzki,14.0
Jan 24,3,Missed 2-pointer from 0 ft,50,240,miss,Dirk Nowitzki,0.0
Jan 24,4,Missed 2-pointer from 15 ft,99,100,miss,Dirk Nowitzki,15.0
Jan 24,4,Made 3-pointer from 25 ft,208,51,make,Dirk Nowitzki,25.0
Jan 24,4,Made 2-pointer from 0 ft,50,240,make,Dirk Nowitzki,0.0
Jan 26,1,Made 2-pointer from 21 ft,62,453,make,Dirk Nowitzki,21.0
Jan 26,1,Made 2-pointer from 0 ft,50,240,make,Dirk Nowitzki,0.0
Jan 26,1,Made 2-pointer from 18 ft,116,403,make,Dirk Nowitzki,18.0
Jan 26,1,Made 2-pointer from 0 ft,50,240,make,Dirk Nowitzki,0.0
Jan 26,1,Missed 3-pointer from 23 ft,85,472,miss,Dirk Nowitzki,23.0
Jan 26,2,Missed 3-pointer from 24 ft,185,41,miss,Dirk Nowitzki,24.0
Jan 26,2,Missed 2-pointer from 0 ft,50,240,miss,Dirk Nowitzki,0.0
Jan 26,2,Made 3-pointer from 25 ft,231,74,make,Dirk Nowitzki,25.0
Jan 26,3,Missed 2-pointer from 22 ft,216,102,miss,Dirk Nowitzki,22.0
Jan 26,3,Missed 2-pointer from 13 ft,72,365,miss,Dirk Nowitzki,13.0
Jan 26,4,Missed 3-pointer from 25 ft,254,376,miss,Dirk Nowitzki,25.0
Jan 26,4,Made 2-pointer from 0 ft,50,240,make,Dirk Nowitzki,0.0
Jan 26,4,Missed 3-pointer from 25 ft,246,393,miss,Dirk Nowitzki,25.0
Jan 26,4,Missed 2-pointer from 19 ft,90,422,miss,Dirk Nowitzki,19.0
Jan 29,1,Missed 2-pointer from 21 ft,198,384,miss,Dirk Nowitzki,21.0
Jan 29,1,Made 2-pointer from 13 ft,164,188,make,Dirk Nowitzki,13.0
Jan 29,1,Made 2-pointer from 16 ft,127,376,make,Dirk Nowitzki,16.0
Jan 29,1,Missed 2-pointer from 22 ft,228,109,miss,Dirk Nowitzki,22.0
Jan 29,1,Missed 3-pointer from 25 ft,233,416,miss,Dirk Nowitzki,25.0
Jan 29,1,Missed 3-pointer from 25 ft,262,370,miss,Dirk Nowitzki,25.0
Jan 29,2,Made 2-pointer from 8 ft,131,246,make,Dirk Nowitzki,8.0
Jan 29,2,Made 2-pointer from 0 ft,50,240,make,Dirk Nowitzki,0.0
Jan 29,3,Made 3-pointer from 23 ft,63,468,make,Dirk Nowitzki,23.0
Jan 29,3,Made 2-pointer from 0 ft,50,240,make,Dirk Nowitzki,0.0
Jan 29,3,Missed 3-pointer from 25 ft,246,399,miss,Dirk Nowitzki,25.0
Jan 29,3,Missed 2-pointer from 12 ft,164,215,miss,Dirk Nowitzki,12.0
Jan 29,3,Missed 2-pointer from 0 ft,50,240,miss,Dirk Nowitzki,0.0
Jan 29,3,Missed 3-pointer from 26 ft,256,89,miss,Dirk Nowitzki,26.0
Jan 29,3,Missed 3-pointer from 26 ft,290,143,miss,Dirk Nowitzki,26.0
Jan 29,4,Made 2-pointer from 19 ft,198,358,make,Dirk Nowitzki,19.0
Jan 29,4,Made 2-pointer from 0 ft,50,240,make,Dirk Nowitzki,0.0
Jan 29,4,Made 2-pointer from 21 ft,219,370,make,Dirk Nowitzki,21.0
Jan 29,4,Made 3-pointer from 25 ft,257,384,make,Dirk Nowitzki,25.0
Jan 29,4,Made 3-pointer from 26 ft,269,378,make,Dirk Nowitzki,26.0
Jan 30,1,Missed 3-pointer from 25 ft,256,375,miss,Dirk Nowitzki,25.0
Jan 30,1,Made 2-pointer from 12 ft,141,168,make,Dirk Nowitzki,12.0
Jan 30,1,Made 2-pointer from 17 ft,75,404,make,Dirk Nowitzki,17.0
Jan 30,1,Missed 3-pointer from 24 ft,288,296,miss,Dirk Nowitzki,24.0
Jan 30,1,Made 2-pointer from 0 ft,50,240,make,Dirk Nowitzki,0.0
Jan 30,1,Missed 2-pointer from 20 ft,219,139,miss,Dirk Nowitzki,20.0
Jan 30,1,Made 2-pointer from 20 ft,86,432,make,Dirk Nowitzki,20.0
Jan 30,1,Made 2-pointer from 20 ft,198,100,make,Dirk Nowitzki,20.0
Jan 30,1,Missed 2-pointer from 19 ft,200,360,miss,Dirk Nowitzki,19.0
Jan 30,2,Missed 2-pointer from 0 ft,50,240,miss,Dirk Nowitzki,0.0
Jan 30,3,Made 3-pointer from 25 ft,226,417,make,Dirk Nowitzki,25.0
Jan 30,3,Made 2-pointer from 0 ft,50,240,make,Dirk Nowitzki,0.0
Jan 30,3,Missed 3-pointer from 25 ft,141,473,miss,Dirk Nowitzki,25.0
Jan 30,3,Made 2-pointer from 0 ft,50,240,make,Dirk Nowitzki,0.0
Jan 30,4,Missed 2-pointer from 16 ft,205,224,miss,Dirk Nowitzki,16.0
Jan 30,4,Made 2-pointer from 14 ft,193,243,make,Dirk Nowitzki,14.0
Jan 30,4,Made 3-pointer from 25 ft,277,343,make,Dirk Nowitzki,25.0
Jan 30,4,Made 2-pointer from 0 ft,50,240,make,Dirk Nowitzki,0.0
Jan 30,4,Made 2-pointer from 9 ft,111,311,make,Dirk Nowitzki,9.0
Feb 1,1,Made 3-pointer from 23 ft,50,15,make,Dirk Nowitzki,23.0
Feb 1,1,Missed 2-pointer from 0 ft,50,240,miss,Dirk Nowitzki,0.0
Feb 1,1,Made 2-pointer from 15 ft,178,309,make,Dirk Nowitzki,15.0
Feb 1,1,Missed 2-pointer from 0 ft,50,240,miss,Dirk Nowitzki,0.0
Feb 1,2,Made 2-pointer from 0 ft,50,240,make,Dirk Nowitzki,0.0
Feb 1,2,Made 2-pointer from 16 ft,198,191,make,Dirk Nowitzki,16.0
Feb 1,2,Made 2-pointer from 13 ft,177,225,make,Dirk Nowitzki,13.0
Feb 1,2,Missed 3-pointer from 24 ft,249,378,miss,Dirk Nowitzki,24.0
Feb 1,3,Made 2-pointer from 0 ft,50,240,make,Dirk Nowitzki,0.0
Feb 1,3,Made 2-pointer from 0 ft,50,240,make,Dirk Nowitzki,0.0
Feb 1,3,Missed 2-pointer from 19 ft,236,222,miss,Dirk Nowitzki,19.0
Feb 1,3,Missed 2-pointer from 13 ft,137,148,miss,Dirk Nowitzki,13.0
Feb 1,3,Missed 3-pointer from 24 ft,267,138,miss,Dirk Nowitzki,24.0
Feb 1,3,Made 2-pointer from 0 ft,50,240,make,Dirk Nowitzki,0.0
Feb 1,3,Made 2-pointer from 17 ft,88,407,make,Dirk Nowitzki,17.0
Feb 3,1,Missed 3-pointer from 24 ft,119,470,miss,Dirk Nowitzki,24.0
Feb 3,1,Missed 2-pointer from 0 ft,50,240,miss,Dirk Nowitzki,0.0
Feb 3,1,Made 2-pointer from 16 ft,24,399,make,Dirk Nowitzki,16.0
Feb 3,1,Made 2-pointer from 14 ft,185,241,make,Dirk Nowitzki,14.0
Feb 3,1,Made 2-pointer from 22 ft,122,453,make,Dirk Nowitzki,22.0
Feb 3,2,Missed 2-pointer from 21 ft,229,348,miss,Dirk Nowitzki,21.0
Feb 3,2,Missed 2-pointer from 0 ft,50,240,miss,Dirk Nowitzki,0.0
Feb 3,2,Missed 3-pointer from 24 ft,239,394,miss,Dirk Nowitzki,24.0
Feb 3,2,Made 3-pointer from 24 ft,37,475,make,Dirk Nowitzki,24.0
Feb 3,2,Made 2-pointer from 0 ft,50,240,make,Dirk Nowitzki,0.0
Feb 3,2,Missed 3-pointer from 24 ft,175,442,miss,Dirk Nowitzki,24.0
Feb 3,2,Missed 3-pointer from 25 ft,298,217,miss,Dirk Nowitzki,25.0
Feb 3,3,Missed 3-pointer from 24 ft,259,366,miss,Dirk Nowitzki,24.0
Feb 3,3,Made 2-pointer from 0 ft,50,240,make,Dirk Nowitzki,0.0
Feb 3,3,Missed 2-pointer from 19 ft,205,132,miss,Dirk Nowitzki,19.0
Feb 3,3,Missed 3-pointer from 24 ft,274,338,miss,Dirk Nowitzki,24.0
Feb 3,3,Missed 2-pointer from 23 ft,249,352,miss,Dirk Nowitzki,23.0
Feb 3,3,Missed 2-pointer from 4 ft,60,201,miss,Dirk Nowitzki,4.0
Feb 3,4,Made 2-pointer from 14 ft,132,348,make,Dirk Nowitzki,14.0
Feb 3,4,Made 2-pointer from 0 ft,50,240,make,Dirk Nowitzki,0.0
Feb 3,4,Made 2-pointer from 16 ft,205,264,make,Dirk Nowitzki,16.0
Feb 3,4,Made 2-pointer from 0 ft,50,240,make,Dirk Nowitzki,0.0
Feb 3,4,Missed 2-pointer from 22 ft,183,411,miss,Dirk Nowitzki,22.0
Feb 4,1,Missed 2-pointer from 17 ft,149,380,miss,Dirk Nowitzki,17.0
Feb 4,1,Missed 2-pointer from 6 ft,109,260,miss,Dirk Nowitzki,6.0
Feb 4,1,Missed 2-pointer from 20 ft,213,127,miss,Dirk Nowitzki,20.0
Feb 4,1,Missed 3-pointer from 24 ft,260,361,miss,Dirk Nowitzki,24.0
Feb 4,2,Missed 2-pointer from 8 ft,81,317,miss,Dirk Nowitzki,8.0
Feb 4,2,Missed 2-pointer from 0 ft,50,240,miss,Dirk Nowitzki,0.0
Feb 4,2,Missed 2-pointer from 21 ft,104,445,miss,Dirk Nowitzki,21.0
Feb 4,2,Missed 2-pointer from 18 ft,116,404,miss,Dirk Nowitzki,18.0
Feb 4,2,Made 2-pointer from 0 ft,50,240,make,Dirk Nowitzki,0.0
Feb 4,2,Made 2-pointer from 10 ft,90,337,make,Dirk Nowitzki,10.0
Feb 4,2,Made 2-pointer from 6 ft,104,269,make,Dirk Nowitzki,6.0
Feb 4,3,Made 2-pointer from 19 ft,111,424,make,Dirk Nowitzki,19.0
Feb 4,3,Missed 2-pointer from 14 ft,116,112,miss,Dirk Nowitzki,14.0
Feb 4,3,Missed 3-pointer from 25 ft,210,429,miss,Dirk Nowitzki,25.0
Feb 4,4,Missed 2-pointer from 11 ft,127,322,miss,Dirk Nowitzki,11.0
Feb 4,4,Made 2-pointer from 21 ft,136,434,make,Dirk Nowitzki,21.0
Feb 4,4,Made 2-pointer from 0 ft,50,240,make,Dirk Nowitzki,0.0
Feb 4,4,Made 2-pointer from 17 ft,173,123,make,Dirk Nowitzki,17.0
Feb 4,4,Made 2-pointer from 19 ft,80,424,make,Dirk Nowitzki,19.0
Feb 4,4,Missed 2-pointer from 18 ft,205,145,miss,Dirk Nowitzki,18.0
Feb 4,4,Made 2-pointer from 5 ft,103,248,make,Dirk Nowitzki,5.0
Feb 4,4,Missed 2-pointer from 11 ft,103,332,miss,Dirk Nowitzki,11.0
Feb 11,1,Made 3-pointer from 24 ft,290,271,make,Dirk Nowitzki,24.0
Feb 11,1,Made 3-pointer from 23 ft,41,472,make,Dirk Nowitzki,23.0
Feb 11,1,Made 2-pointer from 9 ft,122,297,make,Dirk Nowitzki,9.0
Feb 11,1,Missed 2-pointer from 19 ft,42,426,miss,Dirk Nowitzki,19.0
Feb 11,1,Missed 2-pointer from 18 ft,32,416,miss,Dirk Nowitzki,18.0
Feb 11,2,Missed 2-pointer from 13 ft,167,287,miss,Dirk Nowitzki,13.0
Feb 11,2,Missed 3-pointer from 25 ft,260,370,miss,Dirk Nowitzki,25.0
Feb 11,2,Missed 2-pointer from 17 ft,150,105,miss,Dirk Nowitzki,17.0
Feb 11,2,Made 3-pointer from 25 ft,173,23,make,Dirk Nowitzki,25.0
Feb 11,2,Made 2-pointer from 0 ft,50,240,make,Dirk Nowitzki,0.0
Feb 11,3,Missed 2-pointer from 17 ft,68,406,miss,Dirk Nowitzki,17.0
Feb 11,3,Made 3-pointer from 25 ft,295,276,make,Dirk Nowitzki,25.0
Feb 11,3,Made 3-pointer from 23 ft,36,468,make,Dirk Nowitzki,23.0
Feb 11,3,Missed 2-pointer from 20 ft,218,343,miss,Dirk Nowitzki,20.0
Feb 11,3,Made 3-pointer from 25 ft,216,54,make,Dirk Nowitzki,25.0
Feb 11,4,Missed 2-pointer from 17 ft,58,406,miss,Dirk Nowitzki,17.0
Feb 11,4,Missed 2-pointer from 17 ft,91,77,miss,Dirk Nowitzki,17.0
Feb 11,4,Missed 3-pointer from 26 ft,180,460,miss,Dirk Nowitzki,26.0
Feb 11,4,Made 2-pointer from 18 ft,129,407,make,Dirk Nowitzki,18.0
Feb 11,4,Made 2-pointer from 11 ft,159,240,make,Dirk Nowitzki,11.0
Feb 11,4,Made 2-pointer from 21 ft,193,389,make,Dirk Nowitzki,21.0
Feb 12,1,Made 2-pointer from 18 ft,72,414,make,Dirk Nowitzki,18.0
Feb 12,1,Missed 2-pointer from 11 ft,53,135,miss,Dirk Nowitzki,11.0
Feb 12,1,Missed 2-pointer from 0 ft,50,240,miss,Dirk Nowitzki,0.0
Feb 12,1,Missed 2-pointer from 17 ft,182,342,miss,Dirk Nowitzki,17.0
Feb 12,1,Made 2-pointer from 11 ft,37,350,make,Dirk Nowitzki,11.0
Feb 12,1,Made 2-pointer from 14 ft,31,383,make,Dirk Nowitzki,14.0
Feb 12,1,Made 2-pointer from 9 ft,86,161,make,Dirk Nowitzki,9.0
Feb 12,2,Missed 2-pointer from 12 ft,109,135,miss,Dirk Nowitzki,12.0
Feb 12,2,Made 2-pointer from 10 ft,129,296,make,Dirk Nowitzki,10.0
Feb 12,2,Missed 2-pointer from 15 ft,145,127,miss,Dirk Nowitzki,15.0
Feb 12,3,Made 2-pointer from 12 ft,73,125,make,Dirk Nowitzki,12.0
Feb 12,3,Made 2-pointer from 15 ft,45,89,make,Dirk Nowitzki,15.0
Feb 12,3,Made 2-pointer from 0 ft,50,240,make,Dirk Nowitzki,0.0
Feb 12,3,Made 2-pointer from 21 ft,180,404,make,Dirk Nowitzki,21.0
Feb 12,3,Missed 2-pointer from 18 ft,114,403,miss,Dirk Nowitzki,18.0
Feb 12,3,Missed 3-pointer from 25 ft,119,480,miss,Dirk Nowitzki,25.0
Feb 12,4,Missed 2-pointer from 12 ft,114,340,miss,Dirk Nowitzki,12.0
Feb 12,4,Missed 3-pointer from 26 ft,168,467,miss,Dirk Nowitzki,26.0
Feb 12,4,Made 2-pointer from 14 ft,144,350,make,Dirk Nowitzki,14.0
Feb 12,4,Made 2-pointer from 0 ft,50,240,make,Dirk Nowitzki,0.0
Feb 12,4,Made 2-pointer from 0 ft,50,240,make,Dirk Nowitzki,0.0
Feb 12,4,Made 2-pointer from 0 ft,50,240,make,Dirk Nowitzki,0.0
Feb 12,4,Missed 3-pointer from 25 ft,208,440,miss,Dirk Nowitzki,25.0
Feb 14,1,Made 2-pointer from 13 ft,111,120,make,Dirk Nowitzki,13.0
Feb 14,1,Made 2-pointer from 14 ft,63,376,make,Dirk Nowitzki,14.0
Feb 14,1,Missed 3-pointer from 26 ft,252,399,miss,Dirk Nowitzki,26.0
Feb 14,1,Made 3-pointer from 23 ft,27,465,make,Dirk Nowitzki,23.0
Feb 14,1,Made 3-pointer from 25 ft,251,389,make,Dirk Nowitzki,25.0
Feb 14,1,Made 2-pointer from 14 ft,55,375,make,Dirk Nowitzki,14.0
Feb 14,2,Missed 3-pointer from 25 ft,224,426,miss,Dirk Nowitzki,25.0
Feb 14,2,Missed 3-pointer from 26 ft,226,427,miss,Dirk Nowitzki,26.0
Feb 14,2,Made 2-pointer from 13 ft,88,360,make,Dirk Nowitzki,13.0
Feb 14,3,Made 2-pointer from 0 ft,50,240,make,Dirk Nowitzki,0.0
Feb 14,3,Made 2-pointer from 18 ft,167,97,make,Dirk Nowitzki,18.0
Feb 14,3,Missed 2-pointer from 18 ft,175,376,miss,Dirk Nowitzki,18.0
Feb 14,3,Missed 2-pointer from 17 ft,180,347,miss,Dirk Nowitzki,17.0
Feb 14,3,Missed 2-pointer from 17 ft,129,389,miss,Dirk Nowitzki,17.0
Feb 14,3,Made 2-pointer from 15 ft,122,368,make,Dirk Nowitzki,15.0
Feb 14,3,Made 2-pointer from 13 ft,108,353,make,Dirk Nowitzki,13.0
Feb 14,4,Made 2-pointer from 0 ft,50,240,make,Dirk Nowitzki,0.0
Feb 14,4,Made 2-pointer from 13 ft,170,189,make,Dirk Nowitzki,13.0
Feb 14,4,Missed 3-pointer from 25 ft,290,168,miss,Dirk Nowitzki,25.0
Feb 15,1,Made 2-pointer from 21 ft,137,426,make,Dirk Nowitzki,21.0
Feb 15,1,Made 2-pointer from 18 ft,218,306,make,Dirk Nowitzki,18.0
Feb 15,1,Made 2-pointer from 0 ft,50,240,make,Dirk Nowitzki,0.0
Feb 15,1,Made 2-pointer from 21 ft,183,73,make,Dirk Nowitzki,21.0
Feb 15,1,Missed 2-pointer from 16 ft,180,335,miss,Dirk Nowitzki,16.0
Feb 15,1,Missed 2-pointer from 20 ft,231,166,miss,Dirk Nowitzki,20.0
Feb 15,2,Missed 3-pointer from 24 ft,272,143,miss,Dirk Nowitzki,24.0
Feb 15,2,Missed 2-pointer from 18 ft,218,317,miss,Dirk Nowitzki,18.0
Feb 15,2,Missed 2-pointer from 14 ft,42,105,miss,Dirk Nowitzki,14.0
Feb 15,2,Made 3-pointer from 24 ft,234,398,make,Dirk Nowitzki,24.0
Feb 15,2,Missed 3-pointer from 25 ft,257,380,miss,Dirk Nowitzki,25.0
Feb 15,3,Missed 3-pointer from 25 ft,198,437,miss,Dirk Nowitzki,25.0
Feb 15,3,Missed 2-pointer from 13 ft,142,148,miss,Dirk Nowitzki,13.0
Feb 15,3,Missed 2-pointer from 9 ft,72,153,miss,Dirk Nowitzki,9.0
Feb 15,3,Missed 2-pointer from 11 ft,122,327,miss,Dirk Nowitzki,11.0
Feb 15,3,Missed 3-pointer from 24 ft,265,357,miss,Dirk Nowitzki,24.0
Feb 15,4,Missed 2-pointer from 19 ft,129,417,miss,Dirk Nowitzki,19.0
Feb 15,4,Made 2-pointer from 12 ft,142,319,make,Dirk Nowitzki,12.0
Feb 15,4,Missed 2-pointer from 19 ft,150,396,miss,Dirk Nowitzki,19.0
Feb 15,4,Made 2-pointer from 14 ft,185,276,make,Dirk Nowitzki,14.0
Feb 18,1,Made 3-pointer from 24 ft,223,72,make,Dirk Nowitzki,24.0
Feb 18,1,Made 2-pointer from 18 ft,96,414,make,Dirk Nowitzki,18.0
Feb 18,1,Missed 2-pointer from 7 ft,109,211,miss,Dirk Nowitzki,7.0
Feb 18,1,Missed 3-pointer from 24 ft,244,384,miss,Dirk Nowitzki,24.0
Feb 18,1,Missed 2-pointer from 20 ft,60,38,miss,Dirk Nowitzki,20.0
Feb 18,1,Made 3-pointer from 24 ft,224,69,make,Dirk Nowitzki,24.0
Feb 18,1,Made 2-pointer from 0 ft,50,240,make,Dirk Nowitzki,0.0
Feb 18,2,Missed 2-pointer from 10 ft,108,324,miss,Dirk Nowitzki,10.0
Feb 18,2,Missed 2-pointer from 0 ft,50,240,miss,Dirk Nowitzki,0.0
Feb 18,2,Missed 2-pointer from 21 ft,114,439,miss,Dirk Nowitzki,21.0
Feb 18,3,Made 2-pointer from 14 ft,190,217,make,Dirk Nowitzki,14.0
Feb 18,3,Missed 2-pointer from 0 ft,50,240,miss,Dirk Nowitzki,0.0
Feb 20,1,Missed 2-pointer from 21 ft,90,444,miss,Dirk Nowitzki,21.0
Feb 20,1,Missed 3-pointer from 25 ft,252,380,miss,Dirk Nowitzki,25.0
Feb 20,1,Made 2-pointer from 11 ft,98,137,make,Dirk Nowitzki,11.0
Feb 20,1,Missed 3-pointer from 25 ft,265,118,miss,Dirk Nowitzki,25.0
Feb 20,1,Made 3-pointer from 24 ft,272,146,make,Dirk Nowitzki,24.0
Feb 20,1,Made 2-pointer from 0 ft,50,240,make,Dirk Nowitzki,0.0
Feb 20,2,Missed 2-pointer from 9 ft,91,324,miss,Dirk Nowitzki,9.0
Feb 20,2,Made 2-pointer from 19 ft,122,421,make,Dirk Nowitzki,19.0
Feb 20,2,Missed 2-pointer from 17 ft,176,358,miss,Dirk Nowitzki,17.0
Feb 20,3,Missed 3-pointer from 24 ft,288,261,miss,Dirk Nowitzki,24.0
Feb 20,3,Made 2-pointer from 0 ft,50,240,make,Dirk Nowitzki,0.0
Feb 20,3,Missed 3-pointer from 23 ft,60,468,miss,Dirk Nowitzki,23.0
Feb 20,3,Made 2-pointer from 21 ft,198,394,make,Dirk Nowitzki,21.0
Feb 20,3,Missed 3-pointer from 25 ft,234,77,miss,Dirk Nowitzki,25.0
Feb 20,4,Missed 3-pointer from 24 ft,251,370,miss,Dirk Nowitzki,24.0
Feb 20,4,Made 3-pointer from 23 ft,60,472,make,Dirk Nowitzki,23.0
Feb 20,4,Missed 3-pointer from 23 ft,42,8,miss,Dirk Nowitzki,23.0
Feb 21,1,Missed 3-pointer from 24 ft,182,445,miss,Dirk Nowitzki,24.0
Feb 21,1,Made 2-pointer from 14 ft,190,248,make,Dirk Nowitzki,14.0
Feb 21,1,Missed 2-pointer from 19 ft,203,127,miss,Dirk Nowitzki,19.0
Feb 21,2,Missed 2-pointer from 21 ft,206,375,miss,Dirk Nowitzki,21.0
Feb 21,2,Made 2-pointer from 17 ft,136,389,make,Dirk Nowitzki,17.0
Feb 21,2,Made 2-pointer from 0 ft,50,240,make,Dirk Nowitzki,0.0
Feb 21,2,Missed 3-pointer from 23 ft,70,465,miss,Dirk Nowitzki,23.0
Feb 21,2,Made 2-pointer from 17 ft,216,196,make,Dirk Nowitzki,17.0
Feb 21,2,Made 2-pointer from 0 ft,50,240,make,Dirk Nowitzki,0.0
Feb 21,2,Made 2-pointer from 0 ft,50,240,make,Dirk Nowitzki,0.0
Feb 21,3,Missed 2-pointer from 21 ft,257,234,miss,Dirk Nowitzki,21.0
Feb 21,3,Missed 2-pointer from 17 ft,187,140,miss,Dirk Nowitzki,17.0
Feb 21,3,Made 2-pointer from 0 ft,50,240,make,Dirk Nowitzki,0.0
Feb 21,3,Made 3-pointer from 25 ft,244,391,make,Dirk Nowitzki,25.0
Feb 21,3,Made 3-pointer from 25 ft,165,463,make,Dirk Nowitzki,25.0
Feb 21,3,Missed 2-pointer from 10 ft,85,143,miss,Dirk Nowitzki,10.0
Feb 21,4,Missed 2-pointer from 17 ft,177,355,miss,Dirk Nowitzki,17.0
Feb 21,4,Made 2-pointer from 19 ft,206,125,make,Dirk Nowitzki,19.0
Feb 21,4,Made 2-pointer from 0 ft,50,240,make,Dirk Nowitzki,0.0
Feb 21,4,Missed 2-pointer from 14 ft,86,375,miss,Dirk Nowitzki,14.0
Feb 23,1,Missed 2-pointer from 19 ft,144,401,miss,Dirk Nowitzki,19.0
Feb 23,1,Missed 2-pointer from 14 ft,185,189,miss,Dirk Nowitzki,14.0
Feb 23,1,Missed 2-pointer from 19 ft,70,426,miss,Dirk Nowitzki,19.0
Feb 23,1,Missed 3-pointer from 28 ft,237,35,miss,Dirk Nowitzki,28.0
Feb 23,1,Missed 2-pointer from 18 ft,226,268,miss,Dirk Nowitzki,18.0
Feb 23,2,Made 2-pointer from 1 ft,50,235,make,Dirk Nowitzki,1.0
Feb 23,2,Made 3-pointer from 25 ft,224,421,make,Dirk Nowitzki,25.0
Feb 23,2,Missed 2-pointer from 3 ft,65,268,miss,Dirk Nowitzki,3.0
Feb 23,2,Missed 2-pointer from 11 ft,150,291,miss,Dirk Nowitzki,11.0
Feb 23,3,Made 2-pointer from 14 ft,178,179,make,Dirk Nowitzki,14.0
Feb 23,3,Made 2-pointer from 1 ft,53,250,make,Dirk Nowitzki,1.0
Feb 23,3,Missed 3-pointer from 25 ft,256,384,miss,Dirk Nowitzki,25.0
Feb 23,3,Made 2-pointer from 21 ft,170,411,make,Dirk Nowitzki,21.0
Feb 23,3,Made 3-pointer from 25 ft,155,17,make,Dirk Nowitzki,25.0
Feb 23,3,Made 2-pointer from 19 ft,31,427,make,Dirk Nowitzki,19.0
Feb 23,3,Made 3-pointer from 24 ft,104,10,make,Dirk Nowitzki,24.0
Feb 23,3,Missed 2-pointer from 18 ft,137,403,miss,Dirk Nowitzki,18.0
Feb 23,4,Made 2-pointer from 20 ft,116,49,make,Dirk Nowitzki,20.0
Feb 23,4,Made 2-pointer from 13 ft,141,334,make,Dirk Nowitzki,13.0
Feb 23,4,Missed 3-pointer from 25 ft,175,28,miss,Dirk Nowitzki,25.0
Feb 23,4,Missed 3-pointer from 25 ft,208,48,miss,Dirk Nowitzki,25.0
Feb 23,1,Made 2-pointer from 12 ft,150,174,make,Dirk Nowitzki,12.0
Feb 23,1,Missed 3-pointer from 28 ft,285,394,miss,Dirk Nowitzki,28.0
Feb 25,1,Missed 3-pointer from 25 ft,259,380,miss,Dirk Nowitzki,25.0
Feb 25,1,Missed 2-pointer from 17 ft,196,334,miss,Dirk Nowitzki,17.0
Feb 25,1,Made 2-pointer from 16 ft,57,401,make,Dirk Nowitzki,16.0
Feb 25,1,Made 3-pointer from 27 ft,283,376,make,Dirk Nowitzki,27.0
Feb 25,1,Missed 2-pointer from 17 ft,219,238,miss,Dirk Nowitzki,17.0
Feb 25,1,Made 2-pointer from 15 ft,114,375,make,Dirk Nowitzki,15.0
Feb 25,1,Missed 3-pointer from 26 ft,239,63,miss,Dirk Nowitzki,26.0
Feb 25,1,Made 2-pointer from 0 ft,50,240,make,Dirk Nowitzki,0.0
Feb 25,1,Made 2-pointer from 0 ft,50,240,make,Dirk Nowitzki,0.0
Feb 25,2,Made 2-pointer from 18 ft,193,343,make,Dirk Nowitzki,18.0
Feb 25,2,Missed 2-pointer from 10 ft,42,138,miss,Dirk Nowitzki,10.0
Feb 25,2,Missed 2-pointer from 7 ft,119,224,miss,Dirk Nowitzki,7.0
Feb 25,3,Made 3-pointer from 26 ft,287,125,make,Dirk Nowitzki,26.0
Feb 25,3,Made 2-pointer from 16 ft,150,365,make,Dirk Nowitzki,16.0
Feb 25,3,Missed 3-pointer from 26 ft,226,429,miss,Dirk Nowitzki,26.0
Feb 25,3,Missed 2-pointer from 10 ft,101,327,miss,Dirk Nowitzki,10.0
Feb 25,3,Made 3-pointer from 26 ft,252,399,make,Dirk Nowitzki,26.0
Feb 25,3,Missed 3-pointer from 26 ft,288,352,miss,Dirk Nowitzki,26.0
Feb 25,4,Made 2-pointer from 14 ft,121,360,make,Dirk Nowitzki,14.0
Feb 25,4,Missed 2-pointer from 8 ft,126,256,miss,Dirk Nowitzki,8.0
Feb 25,4,Missed 3-pointer from 26 ft,219,432,miss,Dirk Nowitzki,26.0
Feb 27,1,Missed 3-pointer from 25 ft,267,366,miss,Dirk Nowitzki,25.0
Feb 27,1,Missed 3-pointer from 24 ft,251,376,miss,Dirk Nowitzki,24.0
Feb 27,1,Missed 2-pointer from 16 ft,68,79,miss,Dirk Nowitzki,16.0
Feb 27,1,Made 3-pointer from 24 ft,264,358,make,Dirk Nowitzki,24.0
Feb 27,1,Made 2-pointer from 14 ft,175,169,make,Dirk Nowitzki,14.0
Feb 27,1,Made 2-pointer from 21 ft,229,348,make,Dirk Nowitzki,21.0
Feb 27,2,Made 2-pointer from 20 ft,160,409,make,Dirk Nowitzki,20.0
Feb 27,2,Missed 2-pointer from 22 ft,216,89,miss,Dirk Nowitzki,22.0
Feb 27,2,Made 2-pointer from 0 ft,50,240,make,Dirk Nowitzki,0.0
Feb 27,3,Made 2-pointer from 20 ft,231,161,make,Dirk Nowitzki,20.0
Feb 27,3,Made 2-pointer from 18 ft,119,407,make,Dirk Nowitzki,18.0
Feb 27,3,Missed 2-pointer from 0 ft,50,240,miss,Dirk Nowitzki,0.0
Feb 27,3,Missed 3-pointer from 24 ft,162,455,miss,Dirk Nowitzki,24.0
Feb 27,3,Made 3-pointer from 24 ft,254,107,make,Dirk Nowitzki,24.0
Feb 27,3,Made 2-pointer from 21 ft,168,412,make,Dirk Nowitzki,21.0
Feb 27,3,Made 2-pointer from 15 ft,106,99,make,Dirk Nowitzki,15.0
Feb 27,3,Made 2-pointer from 12 ft,96,125,make,Dirk Nowitzki,12.0
Feb 27,4,Missed 3-pointer from 24 ft,228,406,miss,Dirk Nowitzki,24.0
Feb 27,4,Missed 2-pointer from 17 ft,109,396,miss,Dirk Nowitzki,17.0
Feb 27,4,Made 2-pointer from 20 ft,50,440,make,Dirk Nowitzki,20.0
Feb 27,4,Made 2-pointer from 0 ft,50,240,make,Dirk Nowitzki,0.0
Feb 27,4,Missed 2-pointer from 16 ft,80,398,miss,Dirk Nowitzki,16.0
Feb 27,1,Missed 2-pointer from 16 ft,62,82,miss,Dirk Nowitzki,16.0
Feb 27,1,Missed 2-pointer from 6 ft,98,207,miss,Dirk Nowitzki,6.0
Feb 27,1,Missed 2-pointer from 15 ft,67,393,miss,Dirk Nowitzki,15.0
Mar 1,1,Missed 2-pointer from 17 ft,129,396,miss,Dirk Nowitzki,17.0
Mar 1,1,Missed 3-pointer from 24 ft,219,69,miss,Dirk Nowitzki,24.0
Mar 1,1,Made 2-pointer from 21 ft,162,59,make,Dirk Nowitzki,21.0
Mar 1,1,Made 2-pointer from 19 ft,47,429,make,Dirk Nowitzki,19.0
Mar 1,2,Missed 2-pointer from 4 ft,85,267,miss,Dirk Nowitzki,4.0
Mar 1,2,Missed 2-pointer from 8 ft,86,169,miss,Dirk Nowitzki,8.0
Mar 1,2,Missed 3-pointer from 25 ft,210,54,miss,Dirk Nowitzki,25.0
Mar 1,2,Made 2-pointer from 0 ft,50,240,make,Dirk Nowitzki,0.0
Mar 1,2,Missed 2-pointer from 20 ft,67,439,miss,Dirk Nowitzki,20.0
Mar 1,2,Missed 2-pointer from 13 ft,157,168,miss,Dirk Nowitzki,13.0
Mar 1,2,Made 2-pointer from 0 ft,50,240,make,Dirk Nowitzki,0.0
Mar 1,3,Missed 2-pointer from 16 ft,137,375,miss,Dirk Nowitzki,16.0
Mar 1,3,Missed 2-pointer from 20 ft,246,289,miss,Dirk Nowitzki,20.0
Mar 1,3,Missed 2-pointer from 21 ft,109,40,miss,Dirk Nowitzki,21.0
Mar 1,3,Made 3-pointer from 23 ft,58,472,make,Dirk Nowitzki,23.0
Mar 1,3,Missed 2-pointer from 0 ft,50,240,miss,Dirk Nowitzki,0.0
Mar 1,3,Made 2-pointer from 18 ft,228,279,make,Dirk Nowitzki,18.0
Mar 1,3,Made 3-pointer from 25 ft,234,403,make,Dirk Nowitzki,25.0
Mar 1,3,Made 2-pointer from 18 ft,104,409,make,Dirk Nowitzki,18.0
Mar 1,3,Made 3-pointer from 24 ft,292,211,make,Dirk Nowitzki,24.0
Mar 1,3,Missed 3-pointer from 24 ft,254,107,miss,Dirk Nowitzki,24.0
Mar 4,1,Missed 3-pointer from 24 ft,290,269,miss,Dirk Nowitzki,24.0
Mar 4,1,Made 2-pointer from 19 ft,195,361,make,Dirk Nowitzki,19.0
Mar 4,1,Missed 3-pointer from 24 ft,259,363,miss,Dirk Nowitzki,24.0
Mar 4,2,Missed 2-pointer from 10 ft,98,325,miss,Dirk Nowitzki,10.0
Mar 4,2,Missed 2-pointer from 22 ft,144,444,miss,Dirk Nowitzki,22.0
Mar 4,3,Made 2-pointer from 0 ft,50,240,make,Dirk Nowitzki,0.0
Mar 4,3,Missed 3-pointer from 24 ft,106,470,miss,Dirk Nowitzki,24.0
Mar 4,3,Missed 2-pointer from 20 ft,132,421,miss,Dirk Nowitzki,20.0
Mar 4,3,Made 2-pointer from 0 ft,50,240,make,Dirk Nowitzki,0.0
Mar 4,3,Missed 3-pointer from 25 ft,241,84,miss,Dirk Nowitzki,25.0
Mar 4,3,Missed 2-pointer from 7 ft,114,215,miss,Dirk Nowitzki,7.0
Mar 4,3,Made 2-pointer from 0 ft,50,240,make,Dirk Nowitzki,0.0
Mar 4,3,Made 2-pointer from 17 ft,182,138,make,Dirk Nowitzki,17.0
Mar 4,3,Missed 2-pointer from 18 ft,76,419,miss,Dirk Nowitzki,18.0
Mar 4,4,Missed 3-pointer from 25 ft,285,158,miss,Dirk Nowitzki,25.0
Mar 4,4,Missed 2-pointer from 0 ft,50,240,miss,Dirk Nowitzki,0.0
Mar 4,4,Made 2-pointer from 0 ft,50,240,make,Dirk Nowitzki,0.0
Mar 4,4,Made 3-pointer from 24 ft,203,430,make,Dirk Nowitzki,24.0
Mar 4,4,Made 2-pointer from 10 ft,118,314,make,Dirk Nowitzki,10.0
Mar 7,1,Missed 3-pointer from 24 ft,224,411,miss,Dirk Nowitzki,24.0
Mar 7,1,Missed 2-pointer from 13 ft,167,181,miss,Dirk Nowitzki,13.0
Mar 7,1,Missed 2-pointer from 20 ft,157,406,miss,Dirk Nowitzki,20.0
Mar 7,1,Missed 2-pointer from 21 ft,208,376,miss,Dirk Nowitzki,21.0
Mar 7,1,Made 2-pointer from 15 ft,195,245,make,Dirk Nowitzki,15.0
Mar 7,1,Missed 2-pointer from 8 ft,50,324,miss,Dirk Nowitzki,8.0
Mar 7,1,Missed 3-pointer from 24 ft,249,375,miss,Dirk Nowitzki,24.0
Mar 7,1,Missed 2-pointer from 0 ft,50,240,miss,Dirk Nowitzki,0.0
Mar 7,1,Made 2-pointer from 0 ft,50,240,make,Dirk Nowitzki,0.0
Mar 7,2,Made 2-pointer from 20 ft,239,299,make,Dirk Nowitzki,20.0
Mar 7,2,Missed 2-pointer from 15 ft,193,279,miss,Dirk Nowitzki,15.0
Mar 7,2,Made 2-pointer from 18 ft,119,403,make,Dirk Nowitzki,18.0
Mar 7,2,Missed 3-pointer from 25 ft,206,43,miss,Dirk Nowitzki,25.0
Mar 7,3,Made 2-pointer from 14 ft,170,320,make,Dirk Nowitzki,14.0
Mar 7,3,Missed 2-pointer from 17 ft,165,120,miss,Dirk Nowitzki,17.0
Mar 7,3,Made 2-pointer from 18 ft,206,324,make,Dirk Nowitzki,18.0
Mar 7,4,Missed 2-pointer from 5 ft,96,214,miss,Dirk Nowitzki,5.0
Mar 7,4,Made 3-pointer from 24 ft,242,388,make,Dirk Nowitzki,24.0
Mar 7,4,Missed 2-pointer from 19 ft,177,378,miss,Dirk Nowitzki,19.0
Mar 7,4,Made 3-pointer from 25 ft,242,399,make,Dirk Nowitzki,25.0
Mar 7,4,Missed 2-pointer from 21 ft,214,375,miss,Dirk Nowitzki,21.0
Mar 7,4,Missed 3-pointer from 23 ft,52,10,miss,Dirk Nowitzki,23.0
Mar 8,1,Missed 3-pointer from 23 ft,62,10,miss,Dirk Nowitzki,23.0
Mar 8,1,Made 2-pointer from 18 ft,196,135,make,Dirk Nowitzki,18.0
Mar 8,1,Made 3-pointer from 24 ft,265,352,make,Dirk Nowitzki,24.0
Mar 8,1,Missed 3-pointer from 25 ft,287,307,miss,Dirk Nowitzki,25.0
Mar 8,1,Missed 2-pointer from 0 ft,50,240,miss,Dirk Nowitzki,0.0
Mar 8,2,Missed 2-pointer from 17 ft,86,411,miss,Dirk Nowitzki,17.0
Mar 8,2,Made 2-pointer from 7 ft,121,251,make,Dirk Nowitzki,7.0
Mar 8,2,Made 2-pointer from 19 ft,106,419,make,Dirk Nowitzki,19.0
Mar 8,2,Made 3-pointer from 24 ft,226,404,make,Dirk Nowitzki,24.0
Mar 8,2,Made 2-pointer from 15 ft,195,260,make,Dirk Nowitzki,15.0
Mar 8,3,Made 2-pointer from 18 ft,200,335,make,Dirk Nowitzki,18.0
Mar 8,3,Missed 2-pointer from 19 ft,211,137,miss,Dirk Nowitzki,19.0
Mar 8,3,Missed 3-pointer from 24 ft,252,368,miss,Dirk Nowitzki,24.0
Mar 8,3,Missed 3-pointer from 25 ft,185,445,miss,Dirk Nowitzki,25.0
Mar 8,4,Made 2-pointer from 7 ft,96,183,make,Dirk Nowitzki,7.0
Mar 10,1,Missed 2-pointer from 5 ft,81,274,miss,Dirk Nowitzki,5.0
Mar 10,1,Missed 2-pointer from 4 ft,80,261,miss,Dirk Nowitzki,4.0
Mar 10,1,Missed 2-pointer from 19 ft,216,327,miss,Dirk Nowitzki,19.0
Mar 10,1,Missed 2-pointer from 19 ft,229,311,miss,Dirk Nowitzki,19.0
Mar 10,1,Made 2-pointer from 0 ft,50,240,make,Dirk Nowitzki,0.0
Mar 10,1,Made 2-pointer from 0 ft,50,240,make,Dirk Nowitzki,0.0
Mar 10,1,Missed 2-pointer from 0 ft,50,240,miss,Dirk Nowitzki,0.0
Mar 10,1,Missed 2-pointer from 14 ft,49,380,miss,Dirk Nowitzki,14.0
Mar 10,2,Missed 2-pointer from 17 ft,195,337,miss,Dirk Nowitzki,17.0
Mar 10,2,Made 2-pointer from 0 ft,50,240,make,Dirk Nowitzki,0.0
Mar 10,2,Made 2-pointer from 0 ft,50,240,make,Dirk Nowitzki,0.0
Mar 10,2,Missed 2-pointer from 4 ft,75,271,miss,Dirk Nowitzki,4.0
Mar 10,2,Missed 2-pointer from 7 ft,122,253,miss,Dirk Nowitzki,7.0
Mar 10,2,Made 2-pointer from 0 ft,50,240,make,Dirk Nowitzki,0.0
Mar 10,2,Made 2-pointer from 0 ft,50,240,make,Dirk Nowitzki,0.0
Mar 10,2,Missed 3-pointer from 24 ft,229,76,miss,Dirk Nowitzki,24.0
Mar 10,2,Made 2-pointer from 0 ft,50,240,make,Dirk Nowitzki,0.0
Mar 10,2,Missed 2-pointer from 0 ft,50,240,miss,Dirk Nowitzki,0.0
Mar 10,3,Missed 2-pointer from 21 ft,67,450,miss,Dirk Nowitzki,21.0
Mar 10,3,Made 2-pointer from 21 ft,228,353,make,Dirk Nowitzki,21.0
Mar 10,3,Missed 2-pointer from 0 ft,50,240,miss,Dirk Nowitzki,0.0
Mar 10,3,Made 2-pointer from 0 ft,50,240,make,Dirk Nowitzki,0.0
Mar 10,3,Missed 2-pointer from 18 ft,198,350,miss,Dirk Nowitzki,18.0
Mar 10,3,Missed 2-pointer from 21 ft,85,445,miss,Dirk Nowitzki,21.0
Mar 10,3,Made 2-pointer from 12 ft,155,176,make,Dirk Nowitzki,12.0
Mar 10,3,Missed 3-pointer from 24 ft,47,3,miss,Dirk Nowitzki,24.0
Mar 10,3,Missed 2-pointer from 0 ft,50,240,miss,Dirk Nowitzki,0.0
Mar 10,3,Missed 3-pointer from 25 ft,236,72,miss,Dirk Nowitzki,25.0
Mar 10,4,Made 2-pointer from 0 ft,50,240,make,Dirk Nowitzki,0.0
Mar 10,4,Made 3-pointer from 24 ft,216,419,make,Dirk Nowitzki,24.0
Mar 10,4,Made 3-pointer from 24 ft,191,435,make,Dirk Nowitzki,24.0
Mar 10,4,Made 2-pointer from 4 ft,72,276,make,Dirk Nowitzki,4.0
Mar 10,4,Made 2-pointer from 0 ft,50,240,make,Dirk Nowitzki,0.0
Mar 13,1,Made 2-pointer from 15 ft,118,375,make,Dirk Nowitzki,15.0
Mar 13,1,Missed 3-pointer from 26 ft,164,472,miss,Dirk Nowitzki,26.0
Mar 13,1,Made 2-pointer from 16 ft,188,166,make,Dirk Nowitzki,16.0
Mar 13,1,Made 3-pointer from 26 ft,302,299,make,Dirk Nowitzki,26.0
Mar 13,1,Missed 3-pointer from 25 ft,195,445,miss,Dirk Nowitzki,25.0
Mar 13,1,Missed 2-pointer from 2 ft,50,261,miss,Dirk Nowitzki,2.0
Mar 13,2,Missed 2-pointer from 19 ft,145,74,miss,Dirk Nowitzki,19.0
Mar 13,2,Missed 2-pointer from 17 ft,205,174,miss,Dirk Nowitzki,17.0
Mar 13,2,Missed 3-pointer from 25 ft,139,473,miss,Dirk Nowitzki,25.0
Mar 13,2,Made 2-pointer from 0 ft,50,240,make,Dirk Nowitzki,0.0
Mar 13,2,Missed 3-pointer from 26 ft,239,412,miss,Dirk Nowitzki,26.0
Mar 13,3,Made 3-pointer from 26 ft,256,89,make,Dirk Nowitzki,26.0
Mar 13,3,Missed 2-pointer from 14 ft,47,376,miss,Dirk Nowitzki,14.0
Mar 13,3,Made 2-pointer from 0 ft,50,240,make,Dirk Nowitzki,0.0
Mar 13,3,Made 2-pointer from 15 ft,180,307,make,Dirk Nowitzki,15.0
Mar 13,3,Missed 3-pointer from 25 ft,159,467,miss,Dirk Nowitzki,25.0
Mar 13,4,Made 3-pointer from 27 ft,239,429,make,Dirk Nowitzki,27.0
Mar 13,4,Made 2-pointer from 17 ft,198,161,make,Dirk Nowitzki,17.0
Mar 13,4,Missed 2-pointer from 4 ft,85,246,miss,Dirk Nowitzki,4.0
Mar 13,4,Missed 2-pointer from 16 ft,170,137,miss,Dirk Nowitzki,16.0
Mar 14,1,Missed 3-pointer from 25 ft,300,261,miss,Dirk Nowitzki,25.0
Mar 14,1,Made 3-pointer from 25 ft,285,150,make,Dirk Nowitzki,25.0
Mar 14,1,Made 2-pointer from 17 ft,172,361,make,Dirk Nowitzki,17.0
Mar 14,1,Missed 3-pointer from 25 ft,292,191,miss,Dirk Nowitzki,25.0
Mar 14,1,Made 2-pointer from 12 ft,155,174,make,Dirk Nowitzki,12.0
Mar 14,1,Made 3-pointer from 25 ft,247,91,make,Dirk Nowitzki,25.0
Mar 14,2,Missed 2-pointer from 15 ft,49,386,miss,Dirk Nowitzki,15.0
Mar 14,2,Missed 2-pointer from 15 ft,52,391,miss,Dirk Nowitzki,15.0
Mar 14,2,Missed 2-pointer from 6 ft,113,243,miss,Dirk Nowitzki,6.0
Mar 14,2,Made 3-pointer from 26 ft,221,430,make,Dirk Nowitzki,26.0
Mar 14,2,Made 2-pointer from 19 ft,53,427,make,Dirk Nowitzki,19.0
Mar 14,2,Missed 3-pointer from 26 ft,214,437,miss,Dirk Nowitzki,26.0
Mar 16,1,Missed 3-pointer from 24 ft,262,355,miss,Dirk Nowitzki,24.0
Mar 16,1,Made 2-pointer from 0 ft,50,240,make,Dirk Nowitzki,0.0
Mar 16,1,Missed 2-pointer from 0 ft,50,240,miss,Dirk Nowitzki,0.0
Mar 16,1,Missed 2-pointer from 19 ft,237,260,miss,Dirk Nowitzki,19.0
Mar 16,1,Missed 2-pointer from 16 ft,208,281,miss,Dirk Nowitzki,16.0
Mar 16,1,Missed 2-pointer from 19 ft,187,370,miss,Dirk Nowitzki,19.0
Mar 16,1,Missed 2-pointer from 11 ft,86,343,miss,Dirk Nowitzki,11.0
Mar 16,1,Missed 2-pointer from 0 ft,50,240,miss,Dirk Nowitzki,0.0
Mar 16,1,Made 3-pointer from 25 ft,287,311,make,Dirk Nowitzki,25.0
Mar 16,1,Made 3-pointer from 25 ft,280,327,make,Dirk Nowitzki,25.0
Mar 16,2,Missed 2-pointer from 15 ft,155,130,miss,Dirk Nowitzki,15.0
Mar 16,2,Made 3-pointer from 25 ft,239,76,make,Dirk Nowitzki,25.0
Mar 16,2,Made 3-pointer from 24 ft,260,358,make,Dirk Nowitzki,24.0
Mar 16,2,Made 3-pointer from 25 ft,269,352,make,Dirk Nowitzki,25.0
Mar 16,2,Missed 3-pointer from 25 ft,254,376,miss,Dirk Nowitzki,25.0
Mar 16,2,Made 2-pointer from 21 ft,124,435,make,Dirk Nowitzki,21.0
Mar 16,3,Made 3-pointer from 25 ft,282,161,make,Dirk Nowitzki,25.0
Mar 16,3,Missed 2-pointer from 17 ft,45,409,miss,Dirk Nowitzki,17.0
Mar 16,3,Made 2-pointer from 17 ft,200,327,make,Dirk Nowitzki,17.0
Mar 16,4,Missed 2-pointer from 17 ft,131,94,miss,Dirk Nowitzki,17.0
Mar 16,1,Made 2-pointer from 10 ft,145,255,make,Dirk Nowitzki,10.0
Mar 16,1,Missed 3-pointer from 24 ft,118,7,miss,Dirk Nowitzki,24.0
Mar 18,1,Missed 2-pointer from 16 ft,95,394,miss,Dirk Nowitzki,16.0
Mar 18,1,Missed 3-pointer from 25 ft,265,361,miss,Dirk Nowitzki,25.0
Mar 18,1,Missed 3-pointer from 24 ft,226,71,miss,Dirk Nowitzki,24.0
Mar 18,1,Made 2-pointer from 3 ft,72,220,make,Dirk Nowitzki,3.0
Mar 18,1,Made 2-pointer from 5 ft,86,211,make,Dirk Nowitzki,5.0
Mar 18,1,Missed 2-pointer from 16 ft,121,378,miss,Dirk Nowitzki,16.0
Mar 18,2,Made 2-pointer from 0 ft,50,240,make,Dirk Nowitzki,0.0
Mar 18,2,Made 2-pointer from 12 ft,50,363,make,Dirk Nowitzki,12.0
Mar 18,3,Made 2-pointer from 0 ft,50,240,make,Dirk Nowitzki,0.0
Mar 18,3,Missed 2-pointer from 10 ft,144,266,miss,Dirk Nowitzki,10.0
Mar 18,3,Made 3-pointer from 24 ft,290,269,make,Dirk Nowitzki,24.0
Mar 18,3,Made 3-pointer from 23 ft,53,468,make,Dirk Nowitzki,23.0
Mar 18,3,Missed 2-pointer from 18 ft,233,256,miss,Dirk Nowitzki,18.0
Mar 18,4,Made 2-pointer from 0 ft,50,240,make,Dirk Nowitzki,0.0
Mar 20,1,Missed 2-pointer from 14 ft,170,312,miss,Dirk Nowitzki,14.0
Mar 20,1,Missed 2-pointer from 10 ft,91,332,miss,Dirk Nowitzki,10.0
Mar 20,1,Made 2-pointer from 13 ft,95,363,make,Dirk Nowitzki,13.0
Mar 20,1,Made 2-pointer from 6 ft,106,256,make,Dirk Nowitzki,6.0
Mar 20,1,Missed 3-pointer from 23 ft,104,466,miss,Dirk Nowitzki,23.0
Mar 20,1,Missed 2-pointer from 0 ft,50,240,miss,Dirk Nowitzki,0.0
Mar 20,1,Missed 3-pointer from 25 ft,229,417,miss,Dirk Nowitzki,25.0
Mar 20,1,Missed 3-pointer from 24 ft,257,110,miss,Dirk Nowitzki,24.0
Mar 20,1,Made 2-pointer from 0 ft,50,240,make,Dirk Nowitzki,0.0
Mar 20,1,Missed 2-pointer from 19 ft,150,403,miss,Dirk Nowitzki,19.0
Mar 20,2,Missed 2-pointer from 6 ft,83,189,miss,Dirk Nowitzki,6.0
Mar 20,2,Made 2-pointer from 14 ft,190,214,make,Dirk Nowitzki,14.0
Mar 20,3,Made 2-pointer from 16 ft,205,217,make,Dirk Nowitzki,16.0
Mar 20,3,Missed 2-pointer from 17 ft,160,365,miss,Dirk Nowitzki,17.0
Mar 20,3,Missed 3-pointer from 25 ft,252,381,miss,Dirk Nowitzki,25.0
Mar 20,3,Made 2-pointer from 0 ft,50,240,make,Dirk Nowitzki,0.0
Mar 20,3,Made 2-pointer from 11 ft,114,325,make,Dirk Nowitzki,11.0
Mar 20,4,Made 2-pointer from 0 ft,50,240,make,Dirk Nowitzki,0.0
Mar 20,4,Missed 3-pointer from 25 ft,249,384,miss,Dirk Nowitzki,25.0
Mar 20,4,Missed 2-pointer from 17 ft,150,376,miss,Dirk Nowitzki,17.0
Mar 20,4,Made 2-pointer from 0 ft,50,240,make,Dirk Nowitzki,0.0
Mar 20,4,Missed 2-pointer from 21 ft,50,445,miss,Dirk Nowitzki,21.0
Mar 20,1,Made 3-pointer from 24 ft,229,404,make,Dirk Nowitzki,24.0
Mar 20,1,Missed 2-pointer from 14 ft,96,371,miss,Dirk Nowitzki,14.0
Mar 22,1,Missed 3-pointer from 25 ft,219,421,miss,Dirk Nowitzki,25.0
Mar 22,1,Made 2-pointer from 0 ft,50,240,make,Dirk Nowitzki,0.0
Mar 22,1,Missed 2-pointer from 0 ft,50,240,miss,Dirk Nowitzki,0.0
Mar 22,1,Made 3-pointer from 25 ft,272,133,make,Dirk Nowitzki,25.0
Mar 22,2,Missed 3-pointer from 23 ft,67,472,miss,Dirk Nowitzki,23.0
Mar 22,2,Missed 2-pointer from 4 ft,90,255,miss,Dirk Nowitzki,4.0
Mar 22,2,Made 2-pointer from 0 ft,50,240,make,Dirk Nowitzki,0.0
Mar 22,3,Made 2-pointer from 21 ft,254,179,make,Dirk Nowitzki,21.0
Mar 22,3,Missed 2-pointer from 20 ft,99,430,miss,Dirk Nowitzki,20.0
Mar 22,4,Made 3-pointer from 24 ft,252,373,make,Dirk Nowitzki,24.0
Mar 22,4,Made 3-pointer from 25 ft,233,406,make,Dirk Nowitzki,25.0
Mar 22,4,Made 2-pointer from 15 ft,195,258,make,Dirk Nowitzki,15.0
Mar 22,4,Made 2-pointer from 14 ft,177,296,make,Dirk Nowitzki,14.0
Mar 22,4,Made 2-pointer from 0 ft,50,240,make,Dirk Nowitzki,0.0
Mar 22,4,Missed 2-pointer from 16 ft,182,334,miss,Dirk Nowitzki,16.0
Mar 22,4,Made 2-pointer from 0 ft,50,240,make,Dirk Nowitzki,0.0
Mar 24,1,Missed 2-pointer from 0 ft,50,240,miss,Dirk Nowitzki,0.0
Mar 24,1,Missed 3-pointer from 26 ft,196,452,miss,Dirk Nowitzki,26.0
Mar 24,1,Missed 2-pointer from 7 ft,90,181,miss,Dirk Nowitzki,7.0
Mar 24,1,Made 2-pointer from 0 ft,50,240,make,Dirk Nowitzki,0.0
Mar 24,2,Missed 2-pointer from 13 ft,182,253,miss,Dirk Nowitzki,13.0
Mar 24,2,Missed 3-pointer from 26 ft,223,430,miss,Dirk Nowitzki,26.0
Mar 24,2,Made 2-pointer from 0 ft,50,240,make,Dirk Nowitzki,0.0
Mar 24,2,Made 2-pointer from 0 ft,50,240,make,Dirk Nowitzki,0.0
Mar 24,2,Missed 2-pointer from 10 ft,147,245,miss,Dirk Nowitzki,10.0
Mar 24,2,Missed 3-pointer from 25 ft,239,84,miss,Dirk Nowitzki,25.0
Mar 24,2,Made 3-pointer from 25 ft,297,186,make,Dirk Nowitzki,25.0
Mar 24,3,Missed 2-pointer from 18 ft,113,76,miss,Dirk Nowitzki,18.0
Mar 24,3,Missed 3-pointer from 24 ft,216,61,miss,Dirk Nowitzki,24.0
Mar 24,3,Missed 3-pointer from 25 ft,256,100,miss,Dirk Nowitzki,25.0
Mar 24,3,Missed 2-pointer from 11 ft,162,240,miss,Dirk Nowitzki,11.0
Mar 24,3,Missed 2-pointer from 17 ft,39,412,miss,Dirk Nowitzki,17.0
Mar 24,3,Missed 2-pointer from 17 ft,50,66,miss,Dirk Nowitzki,17.0
Mar 24,4,Missed 2-pointer from 0 ft,50,240,miss,Dirk Nowitzki,0.0
Mar 24,4,Made 2-pointer from 17 ft,214,222,make,Dirk Nowitzki,17.0
Mar 24,4,Missed 2-pointer from 0 ft,50,240,miss,Dirk Nowitzki,0.0
Mar 24,4,Missed 3-pointer from 25 ft,247,87,miss,Dirk Nowitzki,25.0
Mar 24,4,Made 2-pointer from 19 ft,200,360,make,Dirk Nowitzki,19.0
Mar 26,1,Made 2-pointer from 0 ft,50,240,make,Dirk Nowitzki,0.0
Mar 26,1,Missed 3-pointer from 25 ft,300,255,miss,Dirk Nowitzki,25.0
Mar 26,1,Missed 3-pointer from 25 ft,274,122,miss,Dirk Nowitzki,25.0
Mar 26,1,Missed 2-pointer from 17 ft,214,294,miss,Dirk Nowitzki,17.0
Mar 26,1,Missed 3-pointer from 25 ft,303,214,miss,Dirk Nowitzki,25.0
Mar 26,2,Missed 2-pointer from 11 ft,162,264,miss,Dirk Nowitzki,11.0
Mar 26,2,Made 3-pointer from 26 ft,167,470,make,Dirk Nowitzki,26.0
Mar 26,2,Made 3-pointer from 26 ft,234,61,make,Dirk Nowitzki,26.0
Mar 26,3,Made 2-pointer from 15 ft,185,179,make,Dirk Nowitzki,15.0
Mar 26,3,Missed 2-pointer from 0 ft,50,240,miss,Dirk Nowitzki,0.0
Mar 26,4,Missed 3-pointer from 26 ft,239,416,miss,Dirk Nowitzki,26.0
Mar 26,4,Made 2-pointer from 9 ft,141,214,make,Dirk Nowitzki,9.0
Mar 26,4,Missed 2-pointer from 16 ft,88,391,miss,Dirk Nowitzki,16.0
Mar 26,4,Missed 2-pointer from 0 ft,50,240,miss,Dirk Nowitzki,0.0
Mar 26,4,Made 2-pointer from 7 ft,114,256,make,Dirk Nowitzki,7.0
Mar 26,4,Made 2-pointer from 0 ft,50,240,make,Dirk Nowitzki,0.0
Mar 28,1,Missed 3-pointer from 24 ft,201,430,miss,Dirk Nowitzki,24.0
Mar 28,1,Missed 2-pointer from 4 ft,88,240,miss,Dirk Nowitzki,4.0
Mar 28,1,Missed 3-pointer from 24 ft,183,35,miss,Dirk Nowitzki,24.0
Mar 28,1,Missed 3-pointer from 24 ft,279,163,miss,Dirk Nowitzki,24.0
Mar 28,1,Made 2-pointer from 0 ft,50,240,make,Dirk Nowitzki,0.0
Mar 28,1,Made 3-pointer from 24 ft,145,463,make,Dirk Nowitzki,24.0
Mar 28,1,Made 3-pointer from 23 ft,39,468,make,Dirk Nowitzki,23.0
Mar 28,2,Missed 3-pointer from 24 ft,162,453,miss,Dirk Nowitzki,24.0
Mar 28,2,Missed 2-pointer from 8 ft,53,324,miss,Dirk Nowitzki,8.0
Mar 28,3,Missed 2-pointer from 17 ft,52,414,miss,Dirk Nowitzki,17.0
Mar 28,3,Made 3-pointer from 25 ft,246,89,make,Dirk Nowitzki,25.0
Mar 28,3,Missed 3-pointer from 24 ft,269,348,miss,Dirk Nowitzki,24.0
Mar 28,3,Made 2-pointer from 21 ft,210,100,make,Dirk Nowitzki,21.0
Mar 28,3,Missed 3-pointer from 25 ft,295,251,miss,Dirk Nowitzki,25.0
Mar 28,3,Made 2-pointer from 5 ft,72,284,make,Dirk Nowitzki,5.0
Mar 28,3,Missed 2-pointer from 21 ft,162,417,miss,Dirk Nowitzki,21.0
Mar 30,1,Made 3-pointer from 25 ft,242,398,make,Dirk Nowitzki,25.0
Mar 30,1,Missed 3-pointer from 25 ft,287,319,miss,Dirk Nowitzki,25.0
Mar 30,1,Missed 3-pointer from 26 ft,210,444,miss,Dirk Nowitzki,26.0
Mar 30,1,Made 3-pointer from 25 ft,198,445,make,Dirk Nowitzki,25.0
Mar 30,1,Missed 2-pointer from 16 ft,201,279,miss,Dirk Nowitzki,16.0
Mar 30,1,Made 2-pointer from 21 ft,24,33,make,Dirk Nowitzki,21.0
Mar 30,1,Missed 3-pointer from 26 ft,251,404,miss,Dirk Nowitzki,26.0
Mar 30,2,Made 2-pointer from 0 ft,50,240,make,Dirk Nowitzki,0.0
Mar 30,2,Made 2-pointer from 12 ft,99,353,make,Dirk Nowitzki,12.0
Mar 30,2,Missed 3-pointer from 25 ft,172,22,miss,Dirk Nowitzki,25.0
Mar 30,2,Made 2-pointer from 20 ft,182,388,make,Dirk Nowitzki,20.0
Mar 30,2,Made 3-pointer from 24 ft,182,445,make,Dirk Nowitzki,24.0
Mar 30,3,Made 3-pointer from 25 ft,185,455,make,Dirk Nowitzki,25.0
Mar 30,3,Missed 2-pointer from 20 ft,34,40,miss,Dirk Nowitzki,20.0
Mar 30,3,Made 3-pointer from 25 ft,196,444,make,Dirk Nowitzki,25.0
Mar 30,3,Made 2-pointer from 18 ft,145,89,make,Dirk Nowitzki,18.0
Mar 30,3,Made 2-pointer from 17 ft,41,71,make,Dirk Nowitzki,17.0
Mar 30,3,Made 3-pointer from 24 ft,183,41,make,Dirk Nowitzki,24.0
Mar 30,3,Missed 2-pointer from 20 ft,154,414,miss,Dirk Nowitzki,20.0
Mar 30,4,Made 2-pointer from 0 ft,50,240,make,Dirk Nowitzki,0.0
Apr 1,1,Missed 3-pointer from 24 ft,249,100,miss,Dirk Nowitzki,24.0
Apr 1,1,Made 2-pointer from 11 ft,91,340,make,Dirk Nowitzki,11.0
Apr 1,1,Made 2-pointer from 0 ft,50,240,make,Dirk Nowitzki,0.0
Apr 1,1,Made 2-pointer from 12 ft,111,343,make,Dirk Nowitzki,12.0
Apr 1,1,Missed 2-pointer from 20 ft,218,132,miss,Dirk Nowitzki,20.0
Apr 1,1,Missed 2-pointer from 18 ft,195,340,miss,Dirk Nowitzki,18.0
Apr 1,1,Missed 2-pointer from 6 ft,104,274,miss,Dirk Nowitzki,6.0
Apr 1,1,Missed 2-pointer from 17 ft,55,411,miss,Dirk Nowitzki,17.0
Apr 1,2,Made 2-pointer from 12 ft,136,330,make,Dirk Nowitzki,12.0
Apr 1,2,Missed 2-pointer from 21 ft,31,30,miss,Dirk Nowitzki,21.0
Apr 1,2,Made 2-pointer from 16 ft,49,396,make,Dirk Nowitzki,16.0
Apr 1,2,Missed 2-pointer from 4 ft,88,263,miss,Dirk Nowitzki,4.0
Apr 1,2,Made 2-pointer from 16 ft,72,396,make,Dirk Nowitzki,16.0
Apr 1,2,Made 2-pointer from 13 ft,142,328,make,Dirk Nowitzki,13.0
Apr 1,3,Made 2-pointer from 22 ft,108,455,make,Dirk Nowitzki,22.0
Apr 1,3,Missed 2-pointer from 18 ft,116,403,miss,Dirk Nowitzki,18.0
Apr 1,3,Made 2-pointer from 20 ft,200,378,make,Dirk Nowitzki,20.0
Apr 1,3,Missed 2-pointer from 17 ft,214,297,miss,Dirk Nowitzki,17.0
Apr 1,3,Missed 3-pointer from 25 ft,206,429,miss,Dirk Nowitzki,25.0
Apr 1,3,Missed 2-pointer from 4 ft,85,212,miss,Dirk Nowitzki,4.0
Apr 1,3,Made 3-pointer from 24 ft,280,181,make,Dirk Nowitzki,24.0
Apr 1,4,Missed 2-pointer from 20 ft,155,72,miss,Dirk Nowitzki,20.0
Apr 1,4,Made 2-pointer from 7 ft,116,255,make,Dirk Nowitzki,7.0
Apr 3,1,Made 2-pointer from 19 ft,170,389,make,Dirk Nowitzki,19.0
Apr 3,1,Made 2-pointer from 0 ft,50,240,make,Dirk Nowitzki,0.0
Apr 3,1,Made 2-pointer from 21 ft,259,260,make,Dirk Nowitzki,21.0
Apr 3,1,Missed 3-pointer from 25 ft,234,72,miss,Dirk Nowitzki,25.0
Apr 3,1,Missed 2-pointer from 0 ft,50,240,miss,Dirk Nowitzki,0.0
Apr 3,1,Missed 2-pointer from 17 ft,216,192,miss,Dirk Nowitzki,17.0
Apr 3,2,Missed 2-pointer from 20 ft,178,394,miss,Dirk Nowitzki,20.0
Apr 3,2,Missed 2-pointer from 21 ft,257,194,miss,Dirk Nowitzki,21.0
Apr 3,2,Made 2-pointer from 0 ft,50,240,make,Dirk Nowitzki,0.0
Apr 3,2,Missed 3-pointer from 25 ft,251,99,miss,Dirk Nowitzki,25.0
Apr 3,2,Missed 2-pointer from 4 ft,76,274,miss,Dirk Nowitzki,4.0
Apr 3,2,Made 2-pointer from 18 ft,200,334,make,Dirk Nowitzki,18.0
Apr 3,3,Missed 2-pointer from 18 ft,218,174,miss,Dirk Nowitzki,18.0
Apr 3,3,Made 3-pointer from 25 ft,239,82,make,Dirk Nowitzki,25.0
Apr 3,3,Missed 3-pointer from 25 ft,203,435,miss,Dirk Nowitzki,25.0
Apr 3,3,Made 2-pointer from 4 ft,81,220,make,Dirk Nowitzki,4.0
Apr 3,4,Missed 2-pointer from 10 ft,78,148,miss,Dirk Nowitzki,10.0
Apr 3,4,Missed 3-pointer from 24 ft,267,128,miss,Dirk Nowitzki,24.0
Apr 3,4,Missed 2-pointer from 0 ft,50,240,miss,Dirk Nowitzki,0.0
Apr 3,4,Missed 2-pointer from 0 ft,50,240,miss,Dirk Nowitzki,0.0
Apr 3,4,Missed 3-pointer from 24 ft,260,115,miss,Dirk Nowitzki,24.0
Apr 5,1,Made 3-pointer from 24 ft,270,343,make,Dirk Nowitzki,24.0
Apr 5,1,Made 2-pointer from 18 ft,214,307,make,Dirk Nowitzki,18.0
Apr 5,1,Made 2-pointer from 16 ft,211,230,make,Dirk Nowitzki,16.0
Apr 5,1,Missed 2-pointer from 19 ft,218,337,miss,Dirk Nowitzki,19.0
Apr 5,1,Made 2-pointer from 0 ft,50,240,make,Dirk Nowitzki,0.0
Apr 5,1,Missed 2-pointer from 20 ft,93,40,miss,Dirk Nowitzki,20.0
Apr 5,1,Made 2-pointer from 0 ft,50,240,make,Dirk Nowitzki,0.0
Apr 5,2,Missed 2-pointer from 12 ft,116,337,miss,Dirk Nowitzki,12.0
Apr 5,2,Missed 2-pointer from 19 ft,145,403,miss,Dirk Nowitzki,19.0
Apr 5,2,Made 2-pointer from 20 ft,164,81,make,Dirk Nowitzki,20.0
Apr 5,2,Missed 2-pointer from 22 ft,251,338,miss,Dirk Nowitzki,22.0
Apr 5,2,Made 2-pointer from 13 ft,180,211,make,Dirk Nowitzki,13.0
Apr 5,2,Missed 2-pointer from 14 ft,193,224,miss,Dirk Nowitzki,14.0
Apr 5,3,Made 2-pointer from 18 ft,195,352,make,Dirk Nowitzki,18.0
Apr 5,3,Missed 2-pointer from 11 ft,103,148,miss,Dirk Nowitzki,11.0
Apr 5,3,Missed 3-pointer from 25 ft,288,174,miss,Dirk Nowitzki,25.0
Apr 5,3,Made 2-pointer from 15 ft,196,201,make,Dirk Nowitzki,15.0
Apr 5,3,Missed 3-pointer from 25 ft,249,87,miss,Dirk Nowitzki,25.0
Apr 5,3,Missed 3-pointer from 25 ft,269,123,miss,Dirk Nowitzki,25.0
Apr 5,3,Made 3-pointer from 23 ft,95,470,make,Dirk Nowitzki,23.0
Apr 5,4,Missed 2-pointer from 21 ft,85,445,miss,Dirk Nowitzki,21.0
Apr 5,4,Missed 3-pointer from 23 ft,50,472,miss,Dirk Nowitzki,23.0
Apr 8,1,Missed 2-pointer from 15 ft,201,209,miss,Dirk Nowitzki,15.0
Apr 8,1,Missed 2-pointer from 22 ft,233,370,miss,Dirk Nowitzki,22.0
Apr 8,1,Missed 3-pointer from 30 ft,315,109,miss,Dirk Nowitzki,30.0
Apr 8,1,Missed 2-pointer from 17 ft,203,320,miss,Dirk Nowitzki,17.0
Apr 8,1,Made 3-pointer from 25 ft,262,365,make,Dirk Nowitzki,25.0
Apr 8,2,Missed 3-pointer from 25 ft,280,140,miss,Dirk Nowitzki,25.0
Apr 8,2,Made 2-pointer from 15 ft,62,393,make,Dirk Nowitzki,15.0
Apr 8,2,Missed 2-pointer from 17 ft,149,381,miss,Dirk Nowitzki,17.0
Apr 8,2,Made 2-pointer from 0 ft,50,240,make,Dirk Nowitzki,0.0
Apr 8,2,Made 2-pointer from 9 ft,96,322,make,Dirk Nowitzki,9.0
Apr 8,2,Made 3-pointer from 25 ft,297,238,make,Dirk Nowitzki,25.0
Apr 8,3,Missed 3-pointer from 26 ft,275,361,miss,Dirk Nowitzki,26.0
Apr 8,3,Missed 2-pointer from 14 ft,36,378,miss,Dirk Nowitzki,14.0
Apr 8,3,Made 2-pointer from 13 ft,177,237,make,Dirk Nowitzki,13.0
Apr 8,3,Missed 3-pointer from 26 ft,274,381,miss,Dirk Nowitzki,26.0
Apr 8,3,Missed 2-pointer from 7 ft,119,224,miss,Dirk Nowitzki,7.0
Apr 8,3,Missed 2-pointer from 17 ft,206,307,miss,Dirk Nowitzki,17.0
Apr 8,3,Made 2-pointer from 19 ft,60,432,make,Dirk Nowitzki,19.0
Apr 8,4,Missed 3-pointer from 26 ft,308,261,miss,Dirk Nowitzki,26.0
Apr 8,4,Made 2-pointer from 15 ft,150,352,make,Dirk Nowitzki,15.0
Apr 9,1,Missed 2-pointer from 16 ft,98,388,miss,Dirk Nowitzki,16.0
Apr 9,1,Made 2-pointer from 10 ft,142,268,make,Dirk Nowitzki,10.0
Apr 9,1,Missed 2-pointer from 16 ft,113,391,miss,Dirk Nowitzki,16.0
Apr 9,1,Missed 2-pointer from 12 ft,62,357,miss,Dirk Nowitzki,12.0
Apr 9,1,Made 3-pointer from 25 ft,203,432,make,Dirk Nowitzki,25.0
Apr 9,1,Made 2-pointer from 16 ft,145,366,make,Dirk Nowitzki,16.0
Apr 9,1,Missed 2-pointer from 15 ft,124,104,miss,Dirk Nowitzki,15.0
Apr 9,2,Made 3-pointer from 25 ft,185,449,make,Dirk Nowitzki,25.0
Apr 9,2,Missed 2-pointer from 16 ft,85,398,miss,Dirk Nowitzki,16.0
Apr 9,2,Missed 2-pointer from 14 ft,70,380,miss,Dirk Nowitzki,14.0
Apr 9,2,Missed 2-pointer from 15 ft,67,389,miss,Dirk Nowitzki,15.0
Apr 9,3,Made 2-pointer from 17 ft,160,104,make,Dirk Nowitzki,17.0
Apr 9,3,Missed 2-pointer from 19 ft,178,375,miss,Dirk Nowitzki,19.0
Apr 9,3,Missed 3-pointer from 24 ft,187,40,miss,Dirk Nowitzki,24.0
Apr 9,3,Missed 2-pointer from 17 ft,165,363,miss,Dirk Nowitzki,17.0
Apr 9,4,Made 3-pointer from 25 ft,216,422,make,Dirk Nowitzki,25.0
Apr 9,4,Made 2-pointer from 0 ft,50,240,make,Dirk Nowitzki,0.0
Apr 11,1,Made 2-pointer from 19 ft,147,399,make,Dirk Nowitzki,19.0
Apr 11,1,Missed 3-pointer from 24 ft,267,137,miss,Dirk Nowitzki,24.0
Apr 11,1,Made 2-pointer from 15 ft,203,230,make,Dirk Nowitzki,15.0
Apr 11,1,Made 3-pointer from 25 ft,295,243,make,Dirk Nowitzki,25.0
Apr 11,1,Missed 2-pointer from 0 ft,50,240,miss,Dirk Nowitzki,0.0
Apr 11,1,Made 2-pointer from 19 ft,229,299,make,Dirk Nowitzki,19.0
Apr 11,1,Missed 2-pointer from 0 ft,50,240,miss,Dirk Nowitzki,0.0
Apr 11,1,Missed 2-pointer from 18 ft,145,393,miss,Dirk Nowitzki,18.0
Apr 11,2,Made 2-pointer from 16 ft,206,248,make,Dirk Nowitzki,16.0
Apr 11,2,Missed 2-pointer from 14 ft,136,345,miss,Dirk Nowitzki,14.0
Apr 11,3,Missed 2-pointer from 14 ft,45,99,miss,Dirk Nowitzki,14.0
Apr 11,3,Missed 3-pointer from 25 ft,262,370,miss,Dirk Nowitzki,25.0
Apr 11,3,Missed 2-pointer from 3 ft,72,222,miss,Dirk Nowitzki,3.0
Apr 11,3,Made 3-pointer from 22 ft,41,463,make,Dirk Nowitzki,22.0
Apr 11,3,Missed 2-pointer from 8 ft,104,294,miss,Dirk Nowitzki,8.0
Apr 11,3,Missed 2-pointer from 9 ft,119,181,miss,Dirk Nowitzki,9.0
Apr 11,4,Made 2-pointer from 0 ft,50,240,make,Dirk Nowitzki,0.0
Apr 11,4,Made 2-pointer from 0 ft,50,240,make,Dirk Nowitzki,0.0
Apr 11,4,Missed 2-pointer from 6 ft,111,225,miss,Dirk Nowitzki,6.0
Apr 11,4,Made 3-pointer from 24 ft,228,407,make,Dirk Nowitzki,24.0
Apr 11,4,Missed 2-pointer from 15 ft,122,370,miss,Dirk Nowitzki,15.0
Apr 11,4,Made 3-pointer from 24 ft,210,422,make,Dirk Nowitzki,24.0
Apr 12,1,Missed 2-pointer from 19 ft,236,266,miss,Dirk Nowitzki,19.0
Apr 12,1,Missed 2-pointer from 5 ft,98,250,miss,Dirk Nowitzki,5.0
Apr 12,1,Made 2-pointer from 18 ft,228,276,make,Dirk Nowitzki,18.0
Apr 12,1,Made 3-pointer from 23 ft,80,468,make,Dirk Nowitzki,23.0
Apr 12,2,Missed 2-pointer from 20 ft,173,398,miss,Dirk Nowitzki,20.0
Apr 12,2,Missed 2-pointer from 4 ft,86,264,miss,Dirk Nowitzki,4.0
Apr 12,2,Made 3-pointer from 25 ft,264,365,make,Dirk Nowitzki,25.0
Apr 12,3,Missed 3-pointer from 25 ft,262,110,miss,Dirk Nowitzki,25.0
Apr 12,3,Made 3-pointer from 24 ft,121,468,make,Dirk Nowitzki,24.0
Apr 12,3,Missed 2-pointer from 0 ft,50,240,miss,Dirk Nowitzki,0.0
Apr 12,3,Made 2-pointer from 11 ft,73,350,make,Dirk Nowitzki,11.0
Apr 12,3,Made 2-pointer from 19 ft,178,376,make,Dirk Nowitzki,19.0
Apr 12,3,Missed 2-pointer from 8 ft,98,174,miss,Dirk Nowitzki,8.0
Apr 12,4,Missed 2-pointer from 12 ft,119,334,miss,Dirk Nowitzki,12.0
Apr 12,4,Missed 2-pointer from 16 ft,39,403,miss,Dirk Nowitzki,16.0
Apr 12,4,Made 2-pointer from 17 ft,124,91,make,Dirk Nowitzki,17.0
Apr 12,4,Made 2-pointer from 15 ft,177,317,make,Dirk Nowitzki,15.0
Apr 12,4,Made 2-pointer from 0 ft,50,240,make,Dirk Nowitzki,0.0
Apr 12,4,Made 2-pointer from 18 ft,134,398,make,Dirk Nowitzki,18.0
Apr 12,4,Missed 2-pointer from 17 ft,53,409,miss,Dirk Nowitzki,17.0
Apr 12,4,Missed 3-pointer from 23 ft,58,472,miss,Dirk Nowitzki,23.0
Apr 12,4,Missed 2-pointer from 0 ft,50,240,miss,Dirk Nowitzki,0.0
Apr 14,1,Made 2-pointer from 16 ft,90,84,make,Dirk Nowitzki,16.0
Apr 14,1,Made 2-pointer from 10 ft,147,214,make,Dirk Nowitzki,10.0
Apr 14,1,Missed 2-pointer from 0 ft,50,240,miss,Dirk Nowitzki,0.0
Apr 14,1,Missed 2-pointer from 5 ft,70,283,miss,Dirk Nowitzki,5.0
Apr 14,1,Made 2-pointer from 0 ft,50,240,make,Dirk Nowitzki,0.0
Apr 14,1,Made 2-pointer from 0 ft,50,240,make,Dirk Nowitzki,0.0
Apr 14,2,Missed 2-pointer from 0 ft,50,240,miss,Dirk Nowitzki,0.0
Apr 14,2,Made 2-pointer from 13 ft,58,370,make,Dirk Nowitzki,13.0
Apr 14,2,Made 2-pointer from 8 ft,93,311,make,Dirk Nowitzki,8.0
Apr 14,2,Made 2-pointer from 15 ft,49,391,make,Dirk Nowitzki,15.0
Apr 14,2,Missed 2-pointer from 14 ft,29,99,miss,Dirk Nowitzki,14.0
Apr 14,2,Missed 3-pointer from 24 ft,121,12,miss,Dirk Nowitzki,24.0
Apr 14,3,Made 2-pointer from 15 ft,134,370,make,Dirk Nowitzki,15.0
Apr 14,3,Made 2-pointer from 17 ft,190,137,make,Dirk Nowitzki,17.0
Apr 14,3,Made 2-pointer from 22 ft,203,394,make,Dirk Nowitzki,22.0
Apr 14,3,Missed 3-pointer from 24 ft,183,444,miss,Dirk Nowitzki,24.0
Apr 14,3,Missed 2-pointer from 21 ft,154,417,miss,Dirk Nowitzki,21.0
Apr 14,3,Made 2-pointer from 0 ft,50,240,make,Dirk Nowitzki,0.0
Apr 14,4,Made 2-pointer from 13 ft,157,311,make,Dirk Nowitzki,13.0
Apr 14,4,Made 2-pointer from 21 ft,116,440,make,Dirk Nowitzki,21.0
Apr 14,4,Made 2-pointer from 0 ft,50,240,make,Dirk Nowitzki,0.0
Apr 16,1,Made 2-pointer from 11 ft,76,348,make,Dirk Nowitzki,11.0
Apr 16,1,Missed 2-pointer from 16 ft,132,376,miss,Dirk Nowitzki,16.0
Apr 16,1,Made 2-pointer from 13 ft,63,373,make,Dirk Nowitzki,13.0
Apr 16,1,Made 3-pointer from 24 ft,260,114,make,Dirk Nowitzki,24.0
Apr 16,1,Missed 2-pointer from 6 ft,106,245,miss,Dirk Nowitzki,6.0
Apr 16,1,Missed 2-pointer from 17 ft,72,411,miss,Dirk Nowitzki,17.0
Apr 16,2,Made 3-pointer from 24 ft,244,92,make,Dirk Nowitzki,24.0
Apr 16,2,Missed 2-pointer from 15 ft,129,365,miss,Dirk Nowitzki,15.0
Apr 16,2,Missed 2-pointer from 14 ft,55,378,miss,Dirk Nowitzki,14.0
Apr 16,2,Missed 3-pointer from 24 ft,67,481,miss,Dirk Nowitzki,24.0
Apr 16,2,Missed 2-pointer from 4 ft,68,206,miss,Dirk Nowitzki,4.0
Apr 16,2,Missed 2-pointer from 19 ft,219,143,miss,Dirk Nowitzki,19.0
Apr 16,3,Made 2-pointer from 18 ft,142,84,make,Dirk Nowitzki,18.0
Apr 16,3,Missed 2-pointer from 15 ft,132,118,miss,Dirk Nowitzki,15.0
Apr 16,3,Made 2-pointer from 13 ft,103,125,make,Dirk Nowitzki,13.0
Apr 16,3,Missed 2-pointer from 12 ft,170,238,miss,Dirk Nowitzki,12.0
Apr 16,3,Made 2-pointer from 3 ft,63,263,make,Dirk Nowitzki,3.0
Apr 16,3,Missed 2-pointer from 16 ft,183,153,miss,Dirk Nowitzki,16.0
Apr 16,3,Missed 2-pointer from 15 ft,132,110,miss,Dirk Nowitzki,15.0
Apr 16,3,Made 2-pointer from 13 ft,108,360,make,Dirk Nowitzki,13.0
Apr 16,4,Missed 2-pointer from 19 ft,109,419,miss,Dirk Nowitzki,19.0
Apr 16,4,Missed 2-pointer from 18 ft,177,109,miss,Dirk Nowitzki,18.0
Apr 16,4,Missed 2-pointer from 20 ft,201,371,miss,Dirk Nowitzki,20.0
Apr 16,4,Made 2-pointer from 18 ft,165,381,make,Dirk Nowitzki,18.0
